신드롬,이름,요약,최대레벨,타이밍,기능,난이도,대상,사정거리,침식치,제한,효과
엔젤 헤일로,빛의 활,빛을 한점에 모았다가 해방해 열충격파를 발생시키는 이펙트.,10,메이저 액션,<RC>,자동성공,-,시야,1,-,「공격력 +[Lv.2+2인]」 사격공격을 한다. 이 공격은 당신과 같은 인게이지있는 캐릭터를 대상으로 삼을 수 없다.
엔젤 헤일로,빛줄기의 질주,약한 빛으로 눈을 어지럽힌 후 그 틈에 이동하는 이펙트,3,마이너 액션,-,자동성공,자신,지근,1,-,"당신은 전투 이동을 한다. 이 이동으로 이탈을 할 수 있다. 또한 이동 중 다른 인게이지에 접촉해도 이동을 끝낼 필요는 없으며, 봉쇄의 영향을 받지 않는다. 이 이펙트는 1씬에 LV번 사용할 수 있다."
엔젤 헤일로,수정의 눈,먼 곳의 풍경을 신기루처럼 눈앞에 투영하는 이펙트,3,메이저 액션 / 리액션,<지각>,-,-,-,2,-,이 이펙트를 조합한 판정의 다이스를 +LV개 한다.
엔젤 헤일로,스타더스트 레인,레이저 광선을 난사하는 이펙트.,3,메이저 액션,<RC>,대결,씬(선택),시야,6,-,"이 이펙트를 조합한 사격공격의 대상을 씬(선택)으로, 사정거리를 시야로 변경한다. 단, 그 공격의 공격력을 -[20-(LVx5)](최대 0) 한다. 이 이펙트는 1 시나리오에 1번 사용할 수 있다."
엔젤 헤일로,신의 눈,모든 지각능력을 사용해 공격을 피하는 이펙트.,1,리액션,<지각>,대결,자신,지근,2,-,"이 이펙트를 조합한 판정으로, 당신은 닷지를 할 수 있다."
엔젤 헤일로,절대 고독,빛을 차단해 어둠을 만들어 행동을 저해하는 이펙트,10,메이저 액션,<RC>,대결,단일,시야,3,-,"사격 공격을 한다. 명중할 경우, 그 라운드 동안 대상이 할 모든 판정의 다이스를 -[LV+1]개 한다"
엔젤 헤일로,조그마한 티끝,정밀사격이 가능하도록 지각능력을 강화하는 이펙트,5,메이저 액션,<사격>,대결,-,무기,2,-,이 이펙트를 조합한 공격의 공격력을 +[LVx2] 한다
엔젤 헤일로,주의 오른팔,상대의 가장 약한 부분을 간파해 정확히 공격하는 이펙트,5,메이저 액션,신드롬,대결,-,-,2,-,이 이펙트를 조합한 공격의 공격력을 +[LVx2] 한다
엔젤 헤일로,주의 은혜,체내의 빛을 모아 다음에 발생시킬 빛을 증폭시키는 이펙트,3,마이너 액션,-,자동성공,자신,지근,2,-,그 메인 프로세스 동안 당신이 행할 이펙트를 조합할 판정의 다이스를 +LV개 한다.
엔젤 헤일로,핀포인트 레이저,장갑의 틈새를 간파해 꿰뚫는 이펙트,5,메이저 액션,신드롬,대결,-,-,2,-,"이 이펙트를 조합한 공격은 대상의 장갑치를 무시하고 대미지를 산출한다. 단, 그 공격의 공격력을 -[5-LV](최대0) 한다."
엔젤 헤일로,환혹의 빛,빛의 신호로 운동능력을 저하시키는 최면술을 거는 이펙트,1,메이저 액션,<RC>,대결,-,시야,2,-,"사격공격을 한다. 명중할 경우, 대상에게 배드 스테이터스 [방심]을 입힌다."
엔젤 헤일로,광속검,강렬한 빛과 함께 공격을 펼쳐 방어를 파고드는 이펙트,3,메이저 액션,<백병><사격>,대결,-,무기,1,-,이 이펙트를 조합한 공격에 대상은 가드를 할 수 없다. 또한 이 공격에 커버링을 할 경우 가드를 하지 않은 것으로 간주해 대미지를 산출한다. 이 이펙트는 시나리오에 LV번 사용할 수 있다.
엔젤 헤일로,미러 코트,공중에 반사경을 여러 개 띄워 상대를 환혹시키는 이펙트,3,셋업 프로세스,-,자동성공,자신,지근,3,-,그 씬 동안 당신이 할 닷지의 다이스를 +LV개 한다
엔젤 헤일로,미스디렉션,광학적인 미끼를 만들어 광범위 공격으로부터 몸을 보호하는 이펙트,3,오토 액션,-,자동성공,단일,시야,5,-,대상이 「대상 : 범위」 또는 「대상 : 범위(선택)」 인 공격의 판정을 하기 직전에 사용한다. 그 공격의 대상을 단일로 변경한다. 대상은 새로 선택하게 할 것. 이 이펙트는 시나리오에 LV번 사용할 수 있다.
엔젤 헤일로,리플렉트 레이저,장애물에 빛이나 총탄을 반사시켜 적을 꿰뚫는 이펙트,5,메이저 액션,신드롬,대결,-,-,2,-,이 이펙트를 조합한 공격에 대한 리액션의 다이스를 -LV개 한다.
엔젤 헤일로,멸소의 빛,부풀어오른 빛을 제어하지 않고 한꺼번에 넓은 영역을 불태우는 이펙트,3,셋업 프로세스,-,대결,-,-,3,-,"이 이펙트를 조합한 공격의 공격력을 +[LVx3] 한다. 단, 공격의 대상이 「대상 : 단일」 인 경우, 이 효과는 적용되지 않는다."
엔젤 헤일로,보이지 않는 사신,빛을 굴절시켜 모습을 감추고 상대의 사각에서 공격하는 이펙트,3,메이저 액션,<백병><사격>,대결,-,무기,2,-,"당신이 은밀상태인 동안 사용할 수 있다. 이 이펙트를 조합한 판정의 다이스를 +1개 하며, 공격의 공격력을 +[LVx2] 한다."
엔젤 헤일로,빛과 어둠의 눈,시각을 강화하여 숨어있는 존재를 찾아내는 이펙트,1,항상,-,자동성공,자신,지근,-,-,"당신은 은밀상태인 캐릭터를 메이저액션의 대상으로 삼을 수 있다. 이 이펙트는 침식률에 따른 레벨업 효과를 받지 않는다. 이 이펙트를 취득할 경우, 당신의 침식률 기본치를 +4 한다."
엔젤 헤일로,빛의 검,빛을 모아 백병무기를 만드는 이펙트. 형상은 당신이 원하는 대로다.,5,셋업 프로세스,-,자동성공,자신,지근,2,-,그 씬 동안 당신은 아래와 같은 데이터를 가진 무기를 작성해 장비한다.
엔젤 헤일로,빛의 손,탁월한 감각으로 빛을 조작하는 이펙트,1,메이저 액션,<RC>,-,-,-,2,-,이 이펙트를 조합한 판정은 【감각】으로 판정 할 수 있다.
엔젤 헤일로,샤인 블레이드,무기 주위에 빛을 모아 파괴력을 높이는 이펙트,10,마이너 액션,-,자동성공,자신,지근,2,-,사용할 때 당신이 장비한 혹은 소지한 무기 중 하나를 선택한다. 그 씬동안 선택한 무기의 공격력을 +LV 한다.
엔젤 헤일로,아지랑이 옷,빛을 굴절시켜 자신의 모습을 감추는 이펙트,5,셋업 프로세스,-,자동성공,자신,지근,2,-,당신은 은밀상태가 된다. 이 은밀상태는 그 메인프로세스를 마칠때까지 지속된다. 이 이펙트는 씬에 LV번 사용할 수 있다. 적과 인게이지한 상태에서도 이 효과로 은밀상태가 될 수 있다.
엔젤 헤일로,빛의 총,빛을 모아 사격 무기를 만드는 이펙트. 형상은 당신이 원하는 대로다.,5,셋업 프로세스,-,자동성공,자신,지근,2,-,그 씬 동안 당신은 아래와 같은 데이터를 가진 무기를 작성해 장비한다.
엔젤 헤일로,사도의 목소리,일반적으로는 알아차릴 수 없는 이상이나 위험을 감지해 공격을 회피하는 이펙트,3,리액션,<회피>,대결,자신,지근,2,-,이 이펙트를 조합한 닷지의 다이스를 +LV개 한다.
엔젤 헤일로,옵티컬 렌즈,굴절률을 조절해 빛을 한 점에 집중시켜 위력을 증가시키는 이펙트,3,마이너 액션,-,자동성공,자신,지근,3,-,"그 메인프로세스 동안 당신이 할 엔젤헤일로의 이펙트를 조합한 공격의 공격력을 +5 한다. 단, 그 공격의 대상은 단일이어야만 한다. 이 이펙트는 씬에 LV번 사용할 수 있다."
엔젤 헤일로,유리검,무기나 탄환을 투명하게 만들어 공격의 궤도를 감추는 이펙트,5,메이저 액션,<백병><사격>,대결,-,무기,2,-,당신이 은밀상태인 동안 사용할 수 있다. 이 이펙트를 조합한 공격에 대한 리액션 다이스를 -[LV+1]개 한다.
엔젤 헤일로,일렁임,자신의 모습을 흐릿하게 만들어 공격을 피하며 이동하는 이펙트,1,리액션,신드롬,대결,자신,지근,2,-,"이 이펙트를 조합한 닷지에 승리할 경우, 당신은 전투이동을 한다. 또한 이 이동으로 이탈을 할 수 있다. 이 이펙트는 라운에 1번 사용할 수 있다."
엔젤 헤일로,전투의 예감,전투의 기척을 읽고 선수를 뺏는 이펙트,3,셋업 프로세스,-,자동성공,자신,지근,2,-,라운드 진행의 첫 라운드에만 사용할 수 있다. 그 라운드 동안 당신의 【행동치】를 +[LVx10] 한다. 이 이펙트는 시나리오에 1번 사용할 수 있다.
엔젤 헤일로,하늘의 눈,굴절률을 변화시켜 시야를 넓히는 이펙트,3,메이저 액션 / 리액션,<사격>,대결,-,-,2,-,이 이펙트를 조합한 판정의 다이스를 +LV개 한다.
엔젤 헤일로,파괴의 빛,열 충격파를 연사해 범위를 한꺼번에 공격하는 이펙트,5,메이저 액션,<RC>,대결,범위(선택),시야,2,-,「공격력 : +2」인 사격공격을 한다. 이 공격은 당신과 같은 인게이지에 있는 캐릭터를 대상으로 삼을 수 없다. 이 이펙트는 씬에 LV번 사용할 수 있다.
엔젤 헤일로,빛의 옷,빛의 굴절률을 변화시켜 총탄이나 자신의 모습을 감추는 이펙트,3,마이너 액션,-,자동성공,자신,지근,4,80%,그 메인 프로세스 동안 당신이 할 메이저 액션에 대한 리액션은 크리티컬치가 +1이 된다. 이 이펙트는 1 시나리오에 LV번 사용할 수 있다.
엔젤 헤일로,플래시게이즈,강한 빛을 쏘아 대상의 행동을 저해하는 이펙트,3,오토 액션,-,자동성공,단일,시야,3,80%,대상이 판정을 하기 직전에 사용한다. 그 판정의 다이스를 -[LVx2]개 한다. 이 이펙트는 라운드에 1번 사용할 수 있다.
엔젤 헤일로,매스 비전,많은 잔상을 만들어내 일제히 공격을 가하는 이펙트,3,메이저 액션,신드롬,대결,-,-,4,100%,이 이펙트를 조합한 공격의 공격력을 +[LVx5] 한다. 이 이펙트는 시나리오에 3번 사용할 수 있다.
엔젤 헤일로,거울 방패,빛으로 반격하는 이펙트,5,오토 액션,-,자동성공,효과참조,효과참조,8,100%,"당신에게 HP대미지가 적용된 직후에 사용한다. 그 HP를 대미지를 입힌 캐릭터를 대상으로 삼는다. 대상은 당신이 입은 HP 대미지와 같은 양의 대미지를 입는다. 단, 대상이 입을 HP 대미지는 최대 [LVx20]점 까지인 것으로 한다. 이 이펙트는 시나리오에 1번 사용할 수 있다"
엔젤 헤일로,빛의 수호,"빛을 모아, 공격을 당하기 직전에 잔상과 바꿔치기하는 이펙트",1,오토 액션,-,자동성공,자신,지근,4D10,120%,당신에게 HP 대미지를 적용하기 직전에 사용한다. 그 HP 대미지를 0으로 한다. 이 이펙트는 시나리오에 1번 사용할 수 있다.
엔젤 헤일로,파이널 플래시,방대한 빛으로 주위를 가득 채우고 그 속에서 움직이는 이펙트,3,메이저 액션,-,대결,-,-,20,120%,이 이펙트를 조합한 공격에 대한 리액션 판정의 크리티컬치를 +1 한다. 또한 공격력을 +[LVx5] 한다. 이 이펙트는 씬에 1번 사용할 수 있다.
엔젤 헤일로,빛의 심판,주위를 가득 채우는 빛으로 적에게 회피가 불가능한 일격을 쏘는 이펙트,3,마이너 액션,-,대결,자신,지근,4,퓨어브리드,"이 이펙트를 조합한 사격공격은 판정의 다이스를 +[LVx2]개 하며, 또한 공격의 리액션으로 닷지를 선택할 수 없다. 이 이펙트는 시나리오에 1번 사용할 수 있으며, 공격의 대상은 반드시 단일이어야만 한다."
엔젤 헤일로,검은 빛,상대의 빛을 지속적으로 빼앗아 대상의 행동을 저해하는 이펙트,3,오토 액션,-,자동성공,단일,시야,3,퓨어브리드,대상이 판정한 직후에 사용한다. 그 달성치를 -5한다. 이 이펙트는 시나리오에 LV번 사용할 수 있다.
발로르,거인의 도끼,중력을 조작해 무기의 중량을 증대시킨 것처럼 공격력을 늘리는 이펙트,3,메이저 액션,<백병><사격>,대결,-,무기,3,-,이 이펙트를 조합한 공격의 공격력을 +[LVx3] 한다
발로르,검은 철퇴,국소적으로 중력을 발생시켜 적을 짓누르는 이펙트. 희생자의 몸은 보기에도 처참하게 짓이겨진다.,5,메이저 액션,<RC>,대결,-,시야,1,-,「공격력 +[Lv.2+2인]」 사격공격을 한다. 이 공격은 당신과 같은 인게이지있는 캐릭터를 대상으로 삼을 수 없다.
발로르,고독의 마안,중력을 제어해 공격을 자신에게 끌어들이는 이펙트,3,오토 액션,-,자동성공,효과참조,시야,4,-,"당신을 대상에 포함하는 「대상 : 범위」 또는 「대상 : 범위(선택)」인 공격의 판정이 이루어지기 직전에 사용한다. 그 공격의 대상을 당신 1명으로 변경한다. 단, 그 공격에서 당신은 커버링의 대상이 될 수 없다. 이 이펙트는 시나리오에 LV번 사용할 수 있다."
발로르,다크 매터,마안'에 의식을 집중해 힘을 조작하기 위한 준비를 하는 이펙트,3,메이저 액션,-,자동성공,자신,지근,2,-,그 메인프로세스 동안 발로르 이펙트를 조합한 판정의 다이스를 +LV개 한다.
발로르,마왕의 섭리,중력의 컨트롤이 능숙함을 나타내는 이펙트. 당신의 힘은 공간을 일그러뜨리고 우주의 법칙마저도 어지럽힌다.,5,메이저 액션,신드롬,대결,-,-,2,-,이 이펙트를 조합한 공격의 공격력을 +[LVx2] 한다.
발로르,명계의 감옥,적에게 고중력을 걸어 이동을 막는 이펙트,5,오토 액션,<RC>,대결,단일,시야,5,-,"대상이 전투이동, 전력이동을 선언했을 때 선언한다. 대상에게 사격공격을 할 것. 명중할 경우, 대상의 이동은 실패한다. 이 판정에 당신은 다이스를 +LV개 한다. 이 이펙트에는 커버링을 할 수 없으며, 씬에 1번 사용할 수 있다."
발로르,인과왜곡,물리법칙을 뒤틀어 효과를 확대하는 이펙트,3,메이저 액션,신드롬,-,범위(선택),-,3,-,"이 이펙트를 조합한 이펙트의 대상을 범위(선택)로 변경한다. 단, 이 효과를 받은 이펙트는 당신과 같은 인게이지에 있는 캐릭터를 대상으로 삼을 수 없다. 이 이펙트는 시나리오에 LV번 사용할 수 있다."
발로르,척력 도약,순간적으로 척력을 발생시켜 그 반발력으로 점프하는 이펙트,5,마이너 액션,-,자동성공,자신,지근,1,-,비행상태로 전투이동을 한다. 이때 이동거리를 +[LVx5]m 한다.
발로르,척력장벽,대상의 주위를 척력장으로 덮어 공격으로부터 보호하는 이펙트,5,오토 액션,-,자동 성공,단일,시야,2,-,대상에게 HP 대미지가 적용되기 직전에 사용한다. 대상이 입을 (예정인) 대미지를 -[1D + LVx2] 한다. 이 이펙트는 라운드에 1번 사용할 수 있다.
발로르,칠흑의 주먹,중력의 덩어리를 자신의 손으로 직접 적에게 부딪치는 이펙트. 어떤 장갑도 암흑의 중력덩어리 앞에서는 무력하다.,10,메이저 액션,<백병>,대결,단일,무기,3,-,"맨손으로 백병공격을 한다. 이 이펙트를 조합한 공격의 공격력을 +LV 하며, 추가로 대상의 장갑치를 무시하고 대미지를 산출한다."
발로르,회색 정원,적의 '무게'를 증가시켜 민첩성을 떨어뜨리는 이펙트. 중력과 현상을 지배하는 당신 앞에서는 누구라 해도 실력을 제대로 발휘하지 못한다.,3,셋업 프로세스,-,자동성공,단일,시야,2,-,그 라운드 동안 대상의 【행동치】를 -[LVx3] 한다.
발로르,공간 압축,눈앞의 공간을 압축해 거리를 없애는 이펙트. 마안이 가져오는 중력왜곡은 시공 전체를 지배하며 당신이 바라는 대로 인간과 물체를 움직인다.,3,셋업 프로세스,-,자동성공,단일,시야,2,-,대상은 전투이동을 한다. 어떻게 움직일지는 대상이 결정한다. 효과에 동의한 대상에게만 사용할 수 있다. 이 이펙트는 시나리오에 LV번 사용할 수 있다.
발로르,그래비티 가드,날아드는 물체를 중력장으로 끌어들여 공격을 받아내는 이펙트. 블랙홀과 같은 칠흑의 중력장은 모든 것을 받아낸다.,3,오토 액션,-,자동성공,자신,지근,3,-,당신이 가드를 할 때 선언한다. 이 가드 동안 당신의 가드치를 +[LV]D 한다.
발로르,마왕의 팔,중력을 수평 방향으로 걸어 적을 넘어뜨리는 이펙트. 당신 앞에서는 어떤 이라 해도 땅바닥에 꿇어 엎드릴 것이다.,1,메이저 액션,신드롬,대결,-,-,2,-,"이 이펙트를 조합한 공격이 명중했을 경우, 대상에게 배드 스테이터스 [경직]을 입힌다."
발로르,마인의 방패,척력을 이용해 적의 공격을 약화시키는 이펙트. 만물을 밀어내는 척력앞에서는 모든 힘이 깎여나간다.,3,오토 액션,-,자동성공,자신,지근,4,-,당신이 가드를 할 때 선언한다. 이 가드 동안 당신의 가드치를 +[LVx10] 한다. 이 이펙트는 씬에 1번 사용할 수 있다.
발로르,마탄의 사수,두개의 무기를 투사하는 이펙트.,3,메이저 액션,<사격>,대결,단일,시야,4,-,"당신이 소지한, 맨손 이외의 「종별 : 백병」인 무기를 2개 선택한다. 선택한 무기를 사용한 사격공격을 한다. 이 공격에서는 두 무기의 명중과 공격력을 합계한다. 단, 사용한 무기는 공격의 성공과 실패에 관계 없이 메인 프로세스를 마쳤을 때 파괴된다. 이 이펙트는 시나리오에 LV번 사용할 수 있다."
발로르,사신의 눈동자,대상에게 작용할 '힘'을 증폭시켜두는 이펙트,5,메이저 액션,<RC>,대결,단일,시야,3,-,"사격공격을 한다. 명중할 경우, 대상이 다음에 받을 공격의 대미지를 +[LV+1]D 한다. 이 이펙트를 조합한 공격으로 대상게게 HP를 입힐 수는 없다. 이 효과는 씬을 마치거나 효과가 적용될 때까지 지속된다."
발로르,셋 백,순간적으로 태세를 재정비하는 이펙트,5,오토 액션,-,자동성공,자신,지근,2,-,"당신이 배드 스테이터스를 입은 직후에 사용한다. 당신이 입은 폭주 이외의 배드 스테이터스를 LV개 까지 회복한다. 어느 배드 스테이터스를 회복시킬지는 당신이 결정한다. 이 이펙트는 배드 스테이터스 중압을 입어도 사용할 수 있으며, 라운드에 1번 사용할 수 있다."
발로르,순속의 칼날,중력으로 무기 조작 속도를 증대시키는 이펙트. 중력으로 가속시킨 칼날이나 총탄은 음속을 아득히 초월해 적에게 꽂힌다.,3,메이저 액션,<백병><사격>,대결,-,무기,3,-,이 이펙트를 조합한 판정의 다이스를 +[LV+1]개 한다.
발로르,암흑나선,당신이 건드린 것을 중력으로 '뒤트는' 이펙트,5,오토 액션,-,자동성공,자신,지근,3,-,당신이 백병공격을 가드할 때 선언한다. 당신을 공격한 캐릭터에게 [LVx5]점의 HP 대미지를 입힌다. 이 이펙트는 라운드에 1번 사용할 수 있다.
발로르,이벤트 호라이즌,자신을 블랙홀 그 자체로 바꾸어 주위에 고중력을 거는 이펙트,3,셋업 프로세스,-,자동성공,범위,지근,3,-,그 라운드 동안 당신 이외의 대상이 할 액션의 판정 다이스를 -[LVx2]개 한다.
발로르,인비지블 핸드,중력방향을 조작해 적을 허공에 띄웠다 지면에 내리꽂는 이펙트,10,메이저 액션,<RC>,대결,범위(선택),시야,3,-,"「공격력 : +LV」인 사격공격을 한다. 이 이펙트를 조합한 공격으로 1점이라도 HP 대미지를 입힐 경우, 대상의 비행상태를 해제한다. 단, 조합한 판정의 다이스를 -3개 한다. 이 이펙트는 라운드에 1번 사용할 수 있다."
발로르,적색편이세계,중력을 조작해 시공을 왜곡하고 시간을 가속시키는 이펙트. 당신 앞에서는 시간조자 절대적인 가치를 지니지 못한다.,5,셋업 프로세스,-,자동성공,단일,시야,2,-,그 라운드 동안 대상의 【행동치】를 +[LVx2]한다.
발로르,정체공간,시간의 흐름을 정체시키는 이펙트,3,메이저 액션,신드롬,대결,단일,시야,2,-,"이 이펙트를 조합한 공격이 명줄할 경우, 그 씬동안 대상의 【행동치】는 0이 된다. 이 효과는 대상이 마이너 액션을 사용해 해제할 수 있다. 이 이펙트를 조합한 공격으로 HP 대미지를 입힐 수는 없다. 이 이펙트는 시나리오에 LV번 사용할 수 있다."
발로르,조그마한 마안,"마안을 분할해, 자신의 몸을 보호하는 방패로 삼아 체공시키는 이펙트. 무수히 떠오른 조그만 마안은 적에게 다가가 상대의 몸을 분쇄한다.",5,셋업 프로세스,-,자동성공,자신,지근,3,-,"그 라운드 동안 당신이 시행할, 발로르 이펙트를 조합한 공격의 대미지를 +[LVx2]한다."
발로르,중력의 늪,개미지옥이나 바닥 없는 늪 같은 중력장에 적을 끌어들이는 이펙트,3,마이너 액션,-,자동성공,자신,지근,3,-,"그 메인 프로세스 동안 당신이 할 메이저 액션에 대한 리액션은 크리티컬치가 +1 된다. 단, 리액션을 할 캐릭터는 당신과 같은 인게이지에 있어야 한다. 이 이펙트는 시나리오에 LV번 사용할 수 있다."
발로르,척력철퇴,척력으로 적을 튕겨내는 이펙트. 당신의 힘은 만물을 멀리 밀어낸다.,5,마이너 액션,-,자동성공,자신,지근,1,-,"이 이펙트를 조합한 공격으로 대상에게 1점이라도 HP대미지를 입힐 경우, 대상은 [LVx2]m 이동한다. 이 이동으로 이탈을 할 수 있다. 대상이 어떻게 이동할지는 당신이 결정한다."
발로르,척력화살,척력을 발생시키는 마안을 만들어 돌멩이나 못 같은 조그만 물질을 탄환 삼아 사출하는 이펙트,5,마이너 액션,-,자동성공,자신,지근,2,-,그 씬 동안 당신은 아래와 같은 데이터를 가진 무기를 작성해 장비한다.
발로르,허공의 함정,고중력으로 적을 끌어들이는 이펙트,3,셋업 프로세스,-,자동성공,자신,지근,2,-,"사격공격을 한다. 명중할 경우, 대상을 당신이 있는 인게이지로 이동시킨다. 이 이펙트는 시나리오에 LV번 사용할 수 있다."
발로르,허무의 성벽,마안을 중심으로 고중력장의 방패를 형성해 적의 공격을 막는 이펙트. 모든 공격은 당신이 만들어낸 암흑공간에 빨려 들어가 사라지게될 운명이다.,3,셋업 프로세스,-,자동성공,자신,지근,2,-,그 라운드 동안 당신이 할 가드의 가드치를 +[LVx3] 한다.
발로르,시간 동결,시간 동결 영역을 만들어내는 이펙트.,1,이니셔티브 프로세스,-,자동성공,자신,지근,5,80%,"당신은 이니셔티브 프로세스에서 메인 프로세스를 할 수 있다. 또한 이 메인프로세스는 행동완료여도 할 수 있으며, 사용한 후에도 행동완료가 되지 않는다. 단, 이 메인프로세스를 마쳤을 때 당신은 HP를 20점 잃는다. 이 이펙트는 시나리오에 1번 사용할 수 있다. 이 이펙트는 다른 이펙트와 조합해 사용할 수 없다."
발로르,악마의 그림자,적을 중력장에 가둬 행동을 저해하는 이펙트,1,메이저 액션,<RC>,대결,단일,시야,5,80%,"사격공격을 한다. 명중할 경우, 대상은 다음에 받을 공격에 대해 리액션을 할 수 없다. 이 이펙트를 조합한 공격으로는 대상에 HP 대미지를 입힐 수 없다."
발로르,시간의 관,한순간 시간을 멈춰 상대의 행동을 저해하는 이펙트. 설령 찰나라 해도 시간정지라는 기적은 당신에게 크나큰 승산을 가져다준다.,1,오토 액션,-,자동성공,단일,시야,10,100%,상대가 판정을 하기 직전에 사용한다. 그 판정은 실패한다. 「난이도 : 자동성공」과 같이 판정을 하지 않을 때는 사용할 수 없다. 이 이펙트는 시나리오에 1번 사용할 수 있다.
발로르,마신의 심장,지구의 수백 배나 되는 고중력을 국지적으로 발생시켜 대상을 압살하는 이펙트,3,메이저 액션,신드롬,대결,-,-,4,100%,"이 이펙트를 조합한 공격이 명중할 경우, 그라운드 동안 대상이 할 판정의 다이스를 -[LVx3]개 한다. 이 효과는 대상이 마이너 액션을 사용해 해제할 수 있다."
발로르,흑성 초래,블랙홀을 형성해 적의 공격을 모두 삼켜버리는 이펙트. 검은 별의 광채 앞에서는 그 누구도 당신을 상처 입힐 수 없다.,1,오토 액션,-,자동성공,자신,지근,4D10,120%,당신에게 HP 대미지가 적용되기 직전에 사용한다. 그 HP 대미지를 0으로 한다. 이 이펙트는 시나리오에 1번 사용할 수 있다.
발로르,흑성분쇄,마안을 폭주시켜 블랙홀로 만들어 모든 것을 집어삼키는 이펙트. 만물은 사상의 저편으로 회귀한다.,5,메이저 액션,-,자동성공,범위(선택),시야,4D10,120%,"대상에 [LV+5]D 점의 HP 대미지를 입힌다. 이 이펙트는 명중판정이 없으며, 대상은 리액션 할 수 없다. 이 이펙트는 시나리오에 1번 사용할 수 있다. 이 이펙트는 다른 이펙트와 조합해 사용할 수 없다."
발로르,흑성의 문,공간을 고중력으로 왜곡시켜 거리를 뒤트는 이펙트,3,마이너 액션,자동성공,-,자신,지근,4,퓨어브리드,"이 이펙트를 조합할 경우, 「당신과 같은 인게이지에 있는 캐릭터를 대상으로 삼을 수 없다」고 기재된 이펙트라 해도 같은 인게이지에 사용할 수 있다. 또한 이 이펙트를 조합한 판정의 다이스를 +[LV+1] 한다."
발로르,코즈믹 인플레이션,공간에 찬 에너지를 반전시켜 힘이 미치는 범위를 확대하는 이펙트,3,셋업 프로세스,-,-,범위(선택),-,2,퓨어브리드,이 이펙트를 조합한 이펙트의 대상을 범위(선택)로 변경한다. 이 이펙트는 시나리오에 LV번 사용할 수 있다.
블랙독,구전 방패,대상을 구상번개로 감싸 공격으로부터 보호하는 이펙트,5,오토 액션,-,자동성공,자신,지근,2,-,당신이 가드를 할 때 선언한다. 이 가드 동안 당신의 가드치를 +[LVx2] 한다.
블랙독,뇌광격,무기를 번개로 감싸 위력을 높이는 이펙트,5,메이저 액션,신드롬,대결,-,-,2,-,이 이펙트를 조합한 공격의 공격력을 +[LVx2] 한다.
블랙독,뇌신의 철퇴,거대한 번개를 생성해 공격하는 이펙트,5,메이저 액션,<RC>,대결,-,-,2,-,「공격력 : +6」인 사격공격을 한다. 이 공격은 당신과 같은 인게이지에 있는 캐릭터를 대상으로 삼을 수 없다. 이 이펙트는 시나리오에 LV번 사용할 수 있다.
블랙독,라이트 커스텀,당신의 몸을 기계화해 운동능력에 특화된 커스터마이즈를 가하는 이펙트,1,항상,-,-,자신,지근,-,-,"【육체】,【감각】을 사용한 판정의 다이스를 +1 한다. 이 이펙트는 침식률에 따른 레벨업 효과를 받지 않는다. 이 이펙트를 취득할 경우, 침식률 기본치가 +2 된다."
블랙독,마그넷 포스,자력의 반응 등을 이용해 대상을 보호하는 이펙트,1,오토 액션,-,자동성공,자신,지근,2,-,"대미지 롤 직전에 사용한다. 당신은 커버링을 한다. 이 커버링으로 당신은 행동완료가 되지 않으며, 당신이 행동완료여도 사용할 수 있다. 이 이펙트는 메인 프로세스에 1번 사용 할 수 있다."
블랙독,암즈 링크,장비한 무기와 자신의 신경을 직접 연결해 그 무기를 더욱 효과적으로 다루는 이펙트. 어떤 무기라도 당신에게는 몸의 일부나 마찬가지다.,3,메이저 액션,<백병><사격>,대결,-,무기,2,-,이 이펙트를 조합한 판정의 다이스를 +LV개 한다.
블랙독,우레의 가호,시간을 들여 체내의 전류를 증폭시키는 이펙트,3,마이너 액션,-,자동성공,자신,지근,2,-,그 메인 프로세스 동안 당신이 행할 블랙독 이펙트를 조합한 판정의 다이스를 +LV개 한다.
블랙독,우레의 창,증폭된 전류를 대상에게 쏘아 공격하는 이펙트,5,메이저 액션,<RC>,대결,-,시야,2,-,「공격력 : +[LVx2 + 4]」인 사격공격을 한다. 이 이펙트를 조합한 판정의 다이스를 -1개 한다. 이 공격은 당신과 같은 인게이지에 있는 캐릭터를 대상으로 삼을 수 없다.
블랙독,웨폰 마운트,무기를 내장하는 이펙트,3,항상,-,-,자신,지근,-,-,"상비화 포인트가 [LVx5]이하인 무기 하나를 선택할 것. 당신은 그 아이템을 입수하고 상비화할 수 있다. 선택한 아이템은 이니셔티브 프로세스에서 장비와 소지를 전환 할 수 있다. 이 이펙트는 침식률에 따른 레벨업 효과를 받지 않는다. 이 이펙트를 취득할 경우, 침식률 기본치가 +2 된다."
블랙독,이오노크래프트,이오노크래프트 효과에 의해 비행상태로 이동하는 이펙트,5,마이너 액션,-,자동성공,자신,지근,1,-,비행상태로 전투이동을 한다. 이때 이동거리를 +[LVx2]m 한다.
블랙독,전자유도,전류의 길을 형성해 공격에 정확성을 높이는 이펙트,3,마이너 액션,-,자동성공,자신,지근,2,-,그 메인 프로세스 동안 당신이 할 블랙독 이펙트를 조합한 공격에 대한 리액션 다이스를 -LV개 한다.
블랙독,가속 장치,순간적인 반응속도를 높여 먼저 행동을 하는 이펙트,3,셋업 프로세스,-,자동성공,자신,지근,1,-,그 라운드 동안 당신의 【행동치】를 +[LVx4] 한다.
블랙독,각성의 전광,전기 자극으로 대상을 복귀시키는 이펙트,3,메이저 액션,<RC>,자동성공,단일,지근,5,-,"대상을 전투불능을 회복하고 HP를 1까지 회복시킨다. 단, 대상의 침식률은 5점 상승한다. 이 이펙트는 시나리오에 LV번 사용할 수 있다."
블랙독,강철의 말,전기나 자력으로 탈것을 조작해 자유로이 움직이는 이펙트,3,메이저 액션 / 리액션,<운전>,-,-,-,2,-,이 이펙트를 조합한 판정의 다이스를 +LV개 한다.
블랙독,메탈 퓨전,주위의 금속과 발전세포를 융합시켜 응급처치를 하는 이펙트,5,마이너 액션,-,자동성공,자신,지근,4,-,당신의 HP를 [(LV)D10+【감각】]점 회복한다. 이 이펙트는 씬에 1번 사용할 수 있다.
블랙독,보이지 않는 종복,주위의 금속제품을 조작해 대상의 공격을 저해하고 회피하는 이펙트,1,리액션,<RC>,대결,자신,지근,2,-,이 이펙트를 조합한 판정으로 당신은 닷지를 할 수 있다.
블랙독,사이버 렉,다리를 사이버화 하는 이펙트,5,항상,-,자동성공,자신,지근,-,-,"당신의 전투이동 거리를 +[LVx2]m 한다. 전력이동의 거리도 변경된다는 점에 주의할 것. 또한 당신은 전투이동으로 인게이지에서 이탈할 수 있게 된다. 이 이펙트는 침식률에 따른 레벨업 효과를 받지 않는다. 이 이펙트를 취득할 경우, 침식률 기본치를 +3 한다."
블랙독,사이버 암,팔을 사이버화하는 이펙트,10,항상,-,자동성공,자신,지근,-,-,맨손의 데이터를 아래처럼 변경한다. 이 이펙트는 침식률에 따른 레벨업 효과를 받지 않는다.
블랙독,서드 워치,감시 카메라 등을 경유해 상황을 파악하는 이펙트,1,오토 액션,-,자동성공,자신,지근,2,-,"씬에 등장할 때 사용한다. 당신 자신은 그 씬에 등장하지 않은 채 감시 카메라 등을 이용해 그 씬의 상황을 보고 들을 수 있다. 통상룰대로 등장에 의한 침식률을 올릴 것. GM은 이 이펙트의 사용을 금지할 수 있다. 이 경우, 침식치는 오르지 않는다."
블랙독,스턴 볼트,번개로 공격해 대상의 의식을 깍아내는 이펙트,1,메이저 액션,<백병><사격>,대결,-,무기,3,-,이 이펙트를 조합한 공격으로 대상에게 1점이라도 HP 대미지를 입힐경우 배드 스테이터스 [방심]을 입힌다.
블랙독,어택 프로그램,무기에 공격 서포트 프로그램을 심어 보조케 하는 이펙트,5,메이저 액션,<백병><사격>,대결,-,무기,2,-,이 이펙트를 조합한 공격의 명중판정 달성치를 +[LVx2] 한다.
블랙독,우레의 송곳니,무기에 전류를 둘러 공격을 회피하기 어렵게 하는 이펙트,3,메이저 액션,<백병><사격>,대결,-,무기,2,-,이 이펙트를 조합한 공격에 대한 닷지 판정의 다이스를 -LV개 한다.
블랙독,우레의 요새,공간에 전기를 띠게 해 대상을 속박하는 이펙트,3,메이저 액션,<RC>,대결,범위(선택),지근,2,-,"사격공격을 한다. 명중할 경우, 대상에 배드 스테이터스 [경직]을 입힌다. 이 이펙트는 씬에 LV번 사용할 수 있다."
블랙독,우레의 잔재,무기에 번개를 둘러 명중 후에도 대미지를 입히는 이펙트,5,메이저 액션,<사격>,대결,-,무기,2,-,"사격공격을 한다. 명중할 경우, 대상에게 배드 스테이터스 [사독]을 입힌다. 이 [사독]의 랭크는 LV이 된다."
블랙독,자력결계,자신에게 자력을 띠게 해 자력의 반발력으로 방어하는 이펙트.,3,오토 액션,-,자동성공,자신,지근,3,-,당신이 가드를 할 때 선언한다. 이 가드동안 당신의 가드치를 +[LV]D 한다.
블랙독,전격집속,번개를 모아 이펙트의 위력을 강화하는 이펙트,3,마이너 액션,-,자동성공,자신,지근,2,-,"그 메인 프로세스 동안 당신이 할 블랙독 이펙트를 조합한 공격의 공격력을 +5 한다. 단, 그 공격의 대상은 단일이어야만 한다. 이 이펙트는 씬에 LV번 사용할 수 있다."
블랙독,전자장벽,전자력을 최대한으로 발휘해 역장의 벽을 만들어 공격을 받아내는 이펙트,1,오토 액션,-,자동성공,자신,지근,2,-,당신이 가드를 할 때 선언한다. 이 가드 동안 당신의 가드치를 +4D 한다. 이 이펙트는 씬에 1번 사용할 수 있다.
블랙독,페인 에디터,통각과 신경계를 전기적으로 컨트롤하는 이펙트,5,항상,-,자동성공,자신,지근,-,-,"당신의 최대 HP를 +[LVx5] 한다. 이 이펙트는 침식률에 따른 레벨업 효과를 받지 않는다. 이 이펙를 취득할 경우, 침식률 기본치를 +3 한다."
블랙독,하드 와이어드,자신의 육체를 기계화했음을 나타내는 이펙트,5,항상,-,자동성공,자신,지근,-,-,"당신은 블랙독 전용 아이템(P176)에서 LV개를 선택해 장비할 수 있다. GM이 허가한다면 프리플레이에서 다시 선택할 수 있다. 이 이펙트는 침식률에 따른 레벨업 효과를 받지 않는다. 이 이펙트를 취득할 경우, 침식률 기본치를 +4 한다."
블랙독,해방의 우레,전류로 육체를 활성화시켜 잠재능력을 해방하는 이펙트,5,메이저 액션,<RC>,대결,범위(선택),시야,2,-,대상이 다음에 할 메이저 액션 판정의 크리티컬치를 -1(하한치 6) 한다. 또한 공격의 공격력을 +[LVx2] 한다.
블랙독,MAX 볼티지,체내의 전류를 증폭해 공격을 강화하는 이펙트,3,메이저 액션,신드롬,대결,-,-,4,80%,"이 이펙트를 조합한 공격의 공격력을 +10 한다. 단, 이 이펙트를 조합한 공격의 판정 다이스를 -1개 한다. 이 이펙트는 시나리오에 LV번 사용할 수 있다."
블랙독,배리어 크래커,방어를 무효화 하는 이펙트,3,메이저 액션,<백병><사격>,대결,-,무기,4,80%,"이 이펙트를 조합한 공격에 대해 대상은 가드를 할 수 없다. 이 공격에 커버링을 할 경우 가드를 하지 않은 것으로 간주해 대미지를 산출한다. 또한, 대상의 장갑치를 무시하고 대미지를 산출한다. 이 이펙트는 시나리오에 LV번 사용할 수 있다."
블랙독,풀 인스톨,생체전류의 전하량을 증대시켜 신경속도를 극한까지 높이는 이펙트,3,이니셔티브 프로세스,-,자동성공,자신,지근,5,100%,그 라운드 동안 당신이 할 모든 판정의 다이스를 +[LVx3]개 한다. 이 이펙트는 시나리오에 1번 사용할 수 있다. 이 이펙트는 다른 이펙트와 조합하여 사용할 수 없다.
블랙독,폴터가이스트,전자력으로 무기를 원격조작하는 이펙트,1,마이너 액션,-,자동성공,자신,지근,4,100%,소지한 무기를 하나 선택한다. 그 씬 동안 당신이 가할 공격의 공격력을 +[선택한 무기의 공격력] 한다. 단 선택한 무기는 즉시 파괴된다.
블랙독,전자반응장갑,순간적으로 전자 배리어를 형성해 피해를 경감하는 이펙트,5,오토 액션,-,자동성공,자신,지근,10,120%,"HP 대미지가 적용되기 직전에 사용한다. 적용될 (예정인) HP 대미지를 -20 한다. 1회의 HP 대미지에 여러차례 사용할 경우, 효과는 누적된다. 이 이펙트는 시나리오에 LV번 사용할 수 있다."
블랙독,자폭장치,체내의 기폭장치를 작동시키는 이펙트,5,오토 액션,-,자동성공,범위,지근,4D10,120%,"당신의 HP가 0이 된 직후에 사용한다. 대상에게 [LV+2]D의 HP 대미지를 입힌다. 이 이펙트에는 명중판정이 없으며, 대상은 리액션 할 수 없다. 이 이펙트는 시나리오에 1번 사용할 수 있다."
블랙독,뇌명의 총아,육체의 한계를 초월해 발전세포가 전격을 생성토록 하는 이펙트,3,메이저 액션,신드롬,대결,-,-,5,퓨어브리드,이 이펙트를 조합한 공격의 공격력을 + 당신의 [ 최대 HP - 현재 HP ] 한다. 단 이 이펙트를 사용한 메인 프로세스를 마쳤을 때 당신의 HP는 0이 된다. 이 이펙트는 시나리오에 LV번 사용할 수 있다.
블랙독,플래싱 플라즈마,주위 전체의 방전공격을 가하는 이펙트,5,메이저 액션,<RC>,대결,씬(선택),시야,4,퓨어브리드,"이 이펙트를 조합한 사격공격의 대상을 씬(선택)으로, 사정거리를 시야로 변경한다. 단, 조합한 판정의 다이스를 -[5-LV]개(최대 0개) 한다. 이 이펙트는 시나리오에 1번 사용할 수 있다."
브람 스토커,갈증의 주인,적에게서 수분을 빼앗아 회복하는 이펙트,5,메이저 액션,<백병>,대결,단일,지근,4,-,"이 이펙트를 조합한 백병공격은 대상의 장갑치를 무시하고 대미지를 산출한다. 명줄할 경우, 당신은 HP를 [LVx4]점 회복한다. 단, 이 공격은 맨손으로 해야한다."
브람 스토커,명부의 관,일부러 심장을 멈추고 가사상태에 빠져 신체기능을 재기동시키는 이펙트,1,오토 액션,-,자동성공,자신,지근,2,-,"이 이펙트는 중압을 입었을 때에도 사용할 수 있다. 당신이 배드 스테이터스를 입은 직후에 사용한다. 그 배드 스테이터스 하나를 회복한다. 단, 배드 스테이터스 중 폭주는 회복할 수 없다."
브람 스토커,불사자의 은총,혈액 속의 혈소판이나 백혈구를 상처 부위에 집중시켜 부상을 치료하는 이펙트,3,클린업 프로세스,-,자동성공,자신,지근,5,-,당신의 HP를 [(LV)D + 【육체】]점 회복한다. 전투 중이 아닐 경우 이 이펙트는 씬에 1번 사용할 수 있다.
브람 스토커,붉은 강의 지배자,혈액의 흐름을 컨트롤해 피를 잃지 않도록 하는 이펙트,5,오토 액션,-,자동성공,자신,지근,2,-,당신에게 HP 대미지가 산출된 직후에 사용한다. 당신이 입을 (예정인) 대미지를 -[1D + LVx2]점 한다.
브람 스토커,붉은 검,혈액으로 백병전용 무기를 제작하는 이펙트. 형상은 당신이 원하는 대로다.,5,마이너 액션,-,자동성공,자신,지근,3,-,사용시 [LVx2] 이하로 임의의 HP를 소비한다. 그 씬 동안 당신은 아래와 같은 데이터를 가진 무기를 작성해 장비한다.
브람 스토커,붉은 탄환,탄환이나 화살을 자신의 피로 코팅해 무기를 강화하는 이펙트,5,메이저 액션,<사격>,대결,-,무기,2,-,"이 이펙트를 조합한 사격공격의 공격력을 +[LVx2] 한다. 다, 이 이펙트를 사용한 메인 프로세스를 마쳤을 때 당신은 HP를 3점 잃는다."
브람 스토커,블러드 컨트롤,혈류를 컨트롤해 더욱 정확하게 움직이는 이펙트,5,마이너 액션,-,자동성공,자신,지근,2,-,그 메인프로세스 중에 행할 브람 스토커의 이펙트 판정의 다이스를 +LV개 한다.
브람 스토커,선혈의 일격,흘린 피를 조종해 생각지도 못한 곳에서 공격하는 이펙트,5,메이저 액션,<백병>,대결,-,무기,2,-,"이 이펙트를 조합한 백병공격의 다이스를 +[LV+1]개 한다. 단, 이 이펙트를 사용한 메인 프로세스를 마쳤을 때 당신은 HP를 2점 잃는다."
브람 스토커,포옹,당신의 혈액을 주입해 죽은 자를 부활시키는 이펙트,1,메이저 액션,<RC>,자동성공,단일,지근,2,-,"이 이펙트는 오버드에게는 효과를 적용하지 않는다. 대상의 사망을 회복하고 HP를 1까지 회복시킨다. 단, 대상은 오버드로 각성할 가능성이 있다. 자세한 내용은 GM이 결정할 것."
브람 스토커,피의 연회,피를 확산시켜 공격범위를 넓히는 이펙트,3,메이저 액션,신드롬,대결,범위(선택),-,3,-,이 이펙트를 조합한 공격의 대상을 범위(선택)로 변경한다. 이 이펙트는 시나리오에 LV번 사용할 수 있다.
브람 스토커,혈족,피를 정밀하게 컨트롤해 더욱 고도한 힘을 발휘하는 이펙트,10,메이저 액션,신드롬,대결,-,-,1,-,이 이펙트를 조합한 공격의 공격력을 +LV 한다.
브람 스토커,라이프 블러드,당신의 종자가 강한 생명력을 가졌음을 나타내는 이펙트.,5,항상,-,자동성공,자신,지근,-,-,흘러나온 혈액을 칼날의 형상으 로 만들어 발사해 공격하는 이펙트. 「공격력: +[LV+1]」의 사격공격을 한다.
브람 스토커,멸소의 일침,화살이나 탄환에 당신의 피를 묻혀 마음대로 조종하는 이펙트.,5,메이저 액션,<사격>,대결,-,무기,2,-,"이 이펙트를 조합한 사격공격의 다이스를 + [LV+1]개 한다. 단, 이 이펙트를 사용한 메인 프로세스를 마쳤을 때 당신은 HP를 2점 잃는다."
브람 스토커,목소리 없는 존재들,더 많은 종자를 만들어낼수 있게 되는 이펙트.,3,항상,-,자동성공,자신,지근,-,-,"당신이 1씬에 만들어낼 수 있는 종자 의 수를 +LV 한다. 이 이펙트는 침식률에 따른 레벨업 효과를 받지 않는다. 이 이펙트를 취득할 경우, 침식률 기본치가 +7 된다."
브람 스토커,선홍의 칼날,흘러나온 혈액을 칼날의 형상으로 만들어 발사해 공격하는 이펙트.,10,메이저 액션,<RC>,대결,-,시야,1,-,「공격력: +[LV+1]」의 사격공격을 한다.
브람 스토커,잠식하는 적색,혈액을 적의 체내에 쏘아넣어 내부로부터 파괴하는 이펙트.,5,메이저 액션,<RC>,대결,-,시야,1,-,"사격공격을 한다. 이 공격이 명중할 경우, 대상에게 배드 스테이터스 [사독]을 입힌다. [사독]의 랭크는 LV이 된다."
브람 스토커,적색 종자,종자를 작성하는 이펙트.,5,메이저 액션,-,자동성공,자신,지근,5,-,"당신과 같은 인게이지에 종자를 하나 만들어낸다. 종자는 모든 능력치가 3이며, 최대 HP는 [LVx5+10]가 된다. 당신은 씬에 하나의 종자를 만들어낼 수 있으며, 종자는 그 씬 동안 존재한다. 종자가 씬에 존재하는 동안 당신의 모든 판정 다이스 -3개 된다. P23도 참조할 것."
브람 스토커,주인에 대한 충성,특수한 종자를 씬에 등장시키는 이펙트,1,오토 액션,-,자동성공,효과참조,-,효과참조,-,"씬에 등장할 때 사용한다. 당신 대신 엑스트라 종자를 등장시킨다. 평소대로 당신의 침식률을 올릴 것. 종자는 당신과 오감을 공유하며 대화도 나눌 수 있지만 전투는 불가능하며, 대미지를 받으면 즉시 퇴장한다. 이 이펙트는 다른 이펙트와 조합해 사용할 수 없다."
브람 스토커,불사자의 인형,종자를 변신시키는 이펙트.,1,메이저 액션,-,자동성공,자신,지근,1,-,"이 이펙트는 《적색 종자》와 조합해 사용한다. 인물을 하나 선택할 것. 당신이 작성한 종자는 목소리와 형태, 버릇에 이르기까지 토대가 된 인물과 매우 흡사해진다. 만약 누군가가 이 종자의 변신을 간파하고자 할 경우, 종자의 <지각>과 간파하려는자의 <지각>끼리 대결판정을 한다."
브람 스토커,붉은 갑옷,혈액으로 방어구를 제작하는 이펙트. 형상은 당신이 원하는 대로다.,5,마이너 액션,-,자동성공,자신,지근,2,-,사용시 [LVx3] 이하로 임의의 HP를 소비한다. 그 씬 동안 당신은 아래와 같은 데이터의 방어구를 작성해 장비한다. 이 때 장비 중인 방어구와 교환할 수 있다.
브람 스토커,붉은 강의 종복,더욱 강한 종자를 만들어낼 수 있게 되는 이펙트.,5,항상,-,자동성공,자신,지근,-,-,"당신이 작성하는 종자의 능력치를 모두 +LV 한다. 이 이펙트는 침식률에 따른 레벨업 효과를 받지 않는다. 이 이펙트를 취득할 경우, 침식률 기본치가+3 된다"
브람 스토커,선혈의 그물,자신의 혈액으로 만든 그물로 적을 포획해 움직임을 막는 이펙트.,3,메이저 액션,<RC>,대결,범위(선택),시야,2,-,"사격공격을 한다. 명중할 경우, 대상은 배드 스테이터스 [경직]을 입힌다. 이 이펙트는 1씬에 LV번 사용할 수 있다."
브람 스토커,죽은 이의 육체,심장의 움직임을 일시적으로 멈추어 공격을 무효화하는 이펙트. 어떤 공격도 죽은 사람으로 변한 몸에는 통하지 않는 법이다.,1,리액션,<의지>,대결,자신,지근,2,-,이 이펙트를 조합한 판정으로 당신은 닷지를 할 수 있다.
브람 스토커,죽음의 선홍,화살이나 탄환에 묻힌 당신의 혈액으로 대상의 방어구를 약화하는 이펙트.,3,메이저 액션,<사격>,대결,-,무기,2,-,"이 이펙트를 조합한 사격공격으로 대상에게 1점이라도 HP 대미지를 입힐 경우, 그 씬 동안 대상의 장갑치를 -[LVx3] 한다. 이 이펙트를 사용한 메인 프로세스를 마쳤을 때 당신은 HP를 3점 잃는다."
브람 스토커,지혜 있는 존재,당신의 종자가 아이템을 구사할 수 있음을 나타내는 이펙트.,1,항상,-,자동성공,자신,지근,-,-,"당신이 만들어낸 종자는 종자 전용 아이템 외의 아이템도 장비하고 사용할 수 있다. 이 이펙트는 침식률에 따른 레벨업 효과를 받지 않는다. 이 이펙트를 취득할 경우, 침식률 기본치가 +3 된다."
브람 스토커,크로스 어택,종자에게 견제공격을 가하도록 명령하는 이펙트.,5,메이저 액션,신드롬,대결,-,-,2,-,이 이펙트는 당신이 작성한 종자가 있어야만 사용할 수 있다. 당신이 작성한 미행동 상태의 종자 하나를 선택 할 것. 선택한 종자는 행동완료가 된 다. 이 이펙트를 조합한 공격에 대한 닷지 판정의 다이스를 -[LVX2]개 한다.
브람 스토커,파괴의 피,혈액 속에 에너지를 주입해 《붉은 검》의 효과를 높이는 이펙트.,5,마이너 액션,-,자동성공,자신,지근,2,-,"이 이펙트는 《붉은 검》과 조합해 사용한다. 《붉은 검》으로 작성한 무기의 공격력을 +[LVx2], 가드치를 +3 한다. 이 이펙트를 사용하면 당신은 HP를 2점 잃는다."
브람 스토커,피의 군마,종자에 올라타 그 힘을 자신의 것으로 삼는 이펙트.,1,셋업 프로세스,-,자동성공,자신,지근,3,-,"당신이 만들어낸 종자를 하나 선택할 것. 선택한 종자는 소멸하고, 그 씬 동안 당신은 취득 중인「제한: 종자 전용」인 이펙트를 스스로 사용할 수 있다."
브람 스토커,피의 쐐기,혈액을 적의 체내에 쏘아넣어 움직임을 막는 이펙트.,5,메이저 액션,<RC>,대결,단일,지근,1,-,"사격공격을 한다. 명중할 경우, 그 라운드 동안 대상의 전투이동 거리를 -[LVx2] 한다(최저 0). 전력이동의 이동거리도 변경되는 점에 주의할 것."
브람 스토커,피의 유대,종자를 오랜 시간 유지하는 이펙트,3,메이저 액션,-,자동성공,자신,지근,3,-,이 이펙트는 《적색 종자》와 조합해 사용한다. 이 《적색 종자》로 만들어낸 종자는 시나리오를 마칠 때까지 존재 한다. 이 이펙트는 시나리오에 LV번 사용할 수 있다.
브람 스토커,블러드 번,온몸의 혈액을 에너지로 바꿔 공격하는 이펙트,3,메이저 액션,신드롬,대결,-,-,4,80%,"이 이펙트를 조합한 공격의 공격력을 +[LVx4] 한다. 단, 이 이펙트를 사용한 메인 프로세스를 마쳤을 때 당신은 HP 5점을 잃는다."
브람 스토커,봉인의 저주,혈액을 적의 체내에 쏘아넣어 움직임을 막는 이펙트,3,메이저 액션,신드롬,대결,-,시야,2,80%,이 이펙트를 조합한 공격이 명중할 경우. 대상이 다음에 할 판정의 크리티컬치 를 +1 한다. 이 이펙트는 시나리오에 LV번 사용할 수 있다.
브람 스토커,시조의 혈통,더욱 많은 피를 공격에 부여하는 이펙트,3,메이저 액션,신드롬,대결,-,-,4,100%,"이 이펙트를 조합한 판정의 다이스를 +[LVx2]개 한다. 단, 이 이펙트를 사용한 메인 프로세스를 마쳤을 때 당신은 HP를 3점 잃는다."
브람 스토커,어리석은 이의 군단,단숨에 여러 종자를 만들어내는 이펙트.,3,메이저 액션,-,자동성공,자신,지근,5,100%,"이 이펙트는 《목소리 없는 존재들》을 취득해야만 취득할 수 있다. 이 이펙트는 《적색 종자》와 조합해 사용한다. 《적색 종자》로 작성하는 종자의 수를 +LV마리 한다. 단, 작성할 수 있는 종자의 최대 수를 넘는 종자를 작성하지는 못한다."
브람 스토커,불사불멸,당신이 불사임을 나타내는 이펙트,3,오토 액션,-,자동성공,자신,지근,4D10,120%,당신이 전투불능에 빠졌을 때 사용한다. 당신은 전투불능을 회복하고 HP를 [LVx10]까지 회복한다. 이 이펙트는 시나리오에 1번 사용할 수 있다.
브람 스토커,야마의 영역,온몸의 혈액을 완전히 통제해 초인적인 속도로 행동하는 이펙트.,3,오토 액션,-,자동성공,자신,지근,20,120%,"당신이 메인 프로세스를 한 직후에 사용한다. 당신은 미행동 상태가 된다. 단, 그 라운드 동안 당신의 【행동치】는 0이 된다. 이 이펙트는 라운드에 1번, 시나리오에 LV번 사용할 수 있다."
브람 스토커,멸소의 유전자,적의 텔로미어를 조종해 순식간에 노화시키는 이펙트,3,오토 액션,-,자동성공,단일,시야,6,퓨어브리드,당신이 대상으로부터 1점이라도 대미지를 입었을 때 사용한다. 당신에게 [LVx10]점의 HP 대미지를 입힌다. 이 이펙트는 시나리오에 1번 사용할 수 있다.
브람 스토커,선홍의 왕,혈액을 효율적으로 소비하는 이펙트,3,항상,-,자동성공,자신,지근,-,퓨어브리드,"당신은 브람 스토커 이펙트 중 「이 이펙트를 사용한 메인 프로세스를 마쳤을 때 당신은 HP를 ○점 잃는다」(○에는 숫자가 들어간다)라는 효과에 따른 HP 소비를 -LV 한다(최저 0). 이 이펙트는 침식률에 따른 레벨업 효과를 받지 않는다. 이 이펙트를 취득할 경우, 침식률 기본치가 +3 된다."
키마이라,강철의 육체,근육의 힘을 이용해 상처를 억지로 덮는 이펙트,5,메이저 액션,-,자동성공,자신,지근,2,-,"HP를 [(LV)D + 【육체】]점 회복하고, 현재 입은 폭주 이외의 배드 스테이터스를 모두 회복한다."
키마이라,군신의 수호,날카롭게 가다듬어진 야성의 감각으로 아군을 수호하는 이펙트,1,오토 액션,-,자동성공,자신,지근,2,-,"대미지 롤 직전에 사용한다. 당신은 커버링 한다. 이 커버링으로 당신은 행동완료가 되지 않으며, 당신이 행동완료여도 사용할 수 있다. 이 이펙트는 메인프로세스에 1번 사용할 수 있다."
키마이라,마수의 포효,포효로 대상을 위압하는 이펙트,3,오토 액션,-,자동성공,단일,시야,4,-,대상이 판정을 하기 직전에 사용한다. 그 판정의 다이스를 -LV개 한다. 이 이펙트는 라운드에 1번 사용할 수 있다.
키마이라,살의의 벽,상대를 위압하는 야수의 살의를 뿜어내는 이펙트,3,오토 액션,-,자동성공,단일,지근,2,-,당신이 백병공격의 대상이 되었을 때 선언한다. 그 메인 프로세스 동안 대상이 할 백병공격의 공격력을 -[LVx3] 한다. 이 이펙트는 라운드에 1번 사용할 수 있다.
키마이라,완전수화,육체를 완전한 전투형태로 변화시키는 이펙트,3,마이너 액션,-,자동성공,자신,지근,6,-,"이 씬 동안 【육체】 능력치를 사용하는 모든 판정의 다이스를 +[LV+2]개 한다. 단, 이 이펙트가 지속되는 동안 맨손을 제외한 아이템은 모두 장비 및 사용이 불가능 하다."
키마이라,용린,자신의 외피를 비늘 형태로 단단하게 만들어 몸을 보호하는 이펙트,3,리액션,-,자동성공,자신,지근,3,-,당신에게 가해지는 공격에 대한 리액션으로 사용한다. 그 공격은 명중하는 대신 당신의 장갑치를 +[LVx10]해 대미지를 산출한다. 이 장갑치는 다른 방어구와 중복된다. 이 이펙트는 다른 이펙트와 조합해 사용할 수 없다.
키마이라,이지스의 방패,상대의 공격을 완력으로 억누르는 이펙트,3,오토 액션,-,자동성공,자신,지근,3,-,당신이 가드를 할 때 선언한다. 이 가드 동안 당신의 가드치를 +[LV]D 한다.
키마이라,짐승의 힘,인간에게는 불가능할 정도의 힘으로 공격하는 이펙트,5,메이저 액션,<백병>,대결,단일,무기,2,-,이 이펙트를 조합한 백병공격의 공격력을 +[LVx2] 한다.
키마이라,타깃 록,사냥감에 조준을 맞추고 공격태세를 갖추는 이펙트,3,셋업 프로세스,-,자동성공,단일,시야,3,-,"그 씬 동안 당신이 대상을 공격할 경우, 공격력을 +[LVx3] 한다. 「대상 : 범위」처럼 대상 이외의 캐릭터를 포함해 공격할 경우 이 효과는 적용하지 않는다."
키마이라,파괴의 발톱,당신의 팔을 날카로운 발톱으로 변화시키는 이펙트,10,마이너 액션,-,자동성공,자신,지근,3,-,그 씬 동안 당신의 맨손 데이터를 아래와 같이 변경한다.
키마이라,헌팅 스타일,육식동물처럼 사냥에 적합한 모습으로 변화해 사냥감에게 접근하는 이펙트,3,마이너 액션,-,자동성공,자신,지근,1,-,"당신은 전투이동을 한다. 이 이동으로 이탈을 할 수 있다. 또한 이동 중 다른 인게이지에 접촉해도 이동을 끝낼 필요는 없으며, 봉쇄의 영향도 받지 않는다. 이 이펙트는 씬에 LV번 사용할 수 있다."
키마이라,거인의 생명,지극히 강인한 육체의 소유자임을 나타내는 이펙트.,5,항상,-,자동성공,자신,지근,-,-,"당신의 최대 HP를 +[LVx5] 한다. 이 이펙트는 침식률에 따른 레벨업 효과를 받지 않는다. 이 이펙트를 취득할 경우, 침식률 기본치가 +3 된다."
키마이라,그래플,대상을 붙들어 힘으로 잡아놓는 이펙트.,5,메이저 액션,<백병>,대결,-,무기,2,-,"이 이펙트를 조합한 백병공격으로 1점이라도 HP 대미지를 입힐 경우, 그 라운드 동안 대상이 할 가드의 가드치를 -[LVx5] 한다."
키마이라,넉백,"경이로운 힘으로 상대를 멀리 날려버리는 이펙트,",3,메이저 액션,<백병>,대결,단일,무기,3,-,"이 이펙트를 조합한 공격으로 대상에게 1점이라도 HP 대미지를 입힐 경우, 대상은 인게이지에서 [LVx2]m 이동 한다. 이 이동으로 이탈을 할 수 있다. 대상이 어떻게 이동할지는 당신이 결정한다."
키마이라,돌팔매,가까운 곳에 있는 물체를 괴물 같은 완력으로 투척해 공격하는 이펙트,5,메이저 액션,<백병>,대결,단일,20m,2,-,"이 이펙트를 조합한 백병공격의 사정 거리를 20m로 변경한다. 단, 공격력은 +4가 되며 장비한 무기의 공격력은 가산할 수 없다. 이 공격은 당신과 같은 인게이지에 있는 캐릭터를 대상으로 삼을 수 없다. 이 이펙트는 씬에 LV번 사용할 수 있다."
키마이라,매의 날개,날개를 만들어 공중을 비할 수 있게 되는 이펙트.,3,마이너 액션,-,자동성공,자신,지근,3,-,"그 씬 동안 당신은 비행상태가 되며, 닷지 다이스를 +LV개 한다. 이 비행상태는 당신이 마이너 액션을 사용해 해제할 수 있다. 다시 비행상태로 돌아갈 때는 마찬가지로 마이너 액션을 사용할 것."
키마이라,복수의 칼날,몸을 버려가며 반격을 펼치는 이펙트.,3,오토 액션,<백병>,대결,단일,지근,6,-,대상이 당신을 공격했을 때 리액션 직전에 사용한다. 당신은 리액션을 포기하면서 대상에게 백병공격을 가한다. 조합한 판정의 크리티컬치를 -LV 한다(하한치 7). 이 공격의 대상은 리액션을 할 수 없다. 이 이펙트는 다른 이펙트와 조합해 사용할 수 없다.
키마이라,아르고스의 눈,"눈을 어안이나 복안, 고양이 눈 등 동물적 시각으로 바꾸어 지각을 높이는 이펙트,",3,메이저 액션 / 리액션,<지각>,-,-,-,1,-,이 이펙트를 조합한 판정의 다이스를 +LV개 한다.
키마이라,오니의 일격,완력으로 상대의 방어를 뚫는 이 펙트,5,메이저 액션,<백병>,대결,-,무기,2,-,이 이펙트를 조합한 백병공격은 가드를 한 캐릭터에게 입히는 대미지를 +[LVx5] 한다.
키마이라,이름 없는 칼날,"맨손을 날카로운 칼날로 바꾸는 이펙트,",10,메이저 액션,<백병>,대결,-,무기,1,-,"이 이펙트를 조합한 공격의 공격력을 +[LV+1] 한다. 단, 이 공격은 맨손으로 하는 것이어야 한다."
키마이라,이무기의 꼬리,꼬리를 만들어내 공격하는 이펙트.,1,메이저 액션,<백병>,대결,-,무기,2,-,"백병공격을 한다. 명중할 경우, 대상에게 배드 스테이터스 [경직]을 입힌다."
키마이라,일각귀,몸에서 뿔 모양의 돌기를 만들어 무기로 삼는 이펙트.,5,마이너 액션,-,자동성공,자신,지근,3,-,그 씬 동안 당신의 맨손 데이터를 아래와 같이 변경한다.
키마이라,전투본능,강인한 전투본능을 발휘해 자신을 해치려는 힘을 강제로 억누르는 이펙트,3,마이너 액션,-,자동성공,자신,지근,3,-,그 메인 프로세스 동안 당신이 할 판정에 들어간 다이스 감소 효과를 모두 없앤다. 이 이펙트는 시나리오에 LV번 사용할 수 있다.
키마이라,지성 있는 짐승,완전한 전투형태를 취하면서도 도구를 다루는 인간의 지혜를 그대로 유지하는 이펙트,1,마이너 액션,-,자동성공,자신,지근,2,-,이 이펙트는 《완전수화》와 조합해 사용한다. 당신은 《완전수화》 효과 중에도 아이템을 평소대로 사용할 수 있다.
키마이라,짐승의 긍지,짐승의 본능과 긍지로 악영향을 이겨내는 이펙트.,3,오토 액션,-,자동성공,자신,지근,2,-,"당신이 가드를 할 때 선언한다. 그 메인 프로세스 동안 당신은 배드 스테이터스를 입지 않으며, 현재 입고 있는 배드 스테이터스의 영향도 받지 않는다. 이 이펙트는 씬에 LV번 사용할 수 있다."
키마이라,짐승의 눈동자,"동물이 가진 예민한 지각으로, 주위의 미미한 기척 변화 등을 읽어내는 이펙트.",1,마이너 액션,-,자동성공,자신,지근,1,-,그 메인 프로세스 동안 당신은 은밀상태의 캐릭터를 메이저 액션의 대상으로 삼을 수 있다.
키마이라,짐승의 살의,살기를 담은 공격으로 상대의 움직임을 위축시키는 이펙트.,3,메이저 액션,<백병>,대결,-,무기,2,-,이 이펙트에 대한 닷지 판정의 다이스를 -LV개한다.
키마이라,켄타우로스의 다리,다리를 움직임에 적합한 상태로 변형시켜 민첩성과 운동성을 높이는 이펙트,5,마이너 액션,-,자동성공,자신,지근,2,-,그 씬 동안 당신의 전투이동 거리를 +[LVx5]m 한다. 전력이동의 이동거리도 변경된다는 데에 주의할 것. 이 효과는 마이너 액션을 사용해 해제할 수 있다.
키마이라,파워 암,근육을 강인하게 변형시켜 대형 무기를 한손으로 드는 이펙트,1,항상,-,자동성공,자신,지근,-,-,"당신은 해설에 「이 무기를 장비한 동안 다른 무기는 장비할 수 없다」라고 되어 있는 무기를 장비해도 다른 무기를 장비할 수 있다. 이 이펙트는 침식률에 따른 레벨업 효과를 받지 않는다. 이 이펙트를 취득할 경우, 침식률 기본치가 +3 된다."
키마이라,하늘을 다스리는 자,"벌새와 같은 공중기동성, 매와 같은 초고속 이동으로 상식을 초월하는 공중전을 펼치는 이펙트.",5,메이저 액션,신드롬,대결,-,-,2,-,"당신이 비행상태인 동안 사용할 수 있다. 이 이펙트를 조합한 공격의 공격력을 +[LVx2] 한다. 이 공격으로 1점 이라도 HP 대미지를 입힐 경우, 대상의 비행상태를 해제한다."
키마이라,풀 파워 어택,온몸의 힘을 집약한 자세에서 펼치는 일격으로 큰 대미지를 입히는 이펙트,3,셋업 프로세스,-,자동성공,자신,지근,4,80%,"그 라운드 동안 당신이 할 백병공격의 공격력을 +[LVx5] 한다. 단, 그 라운드 동안 당신의 【행동치】는 0이 된다. 이 이펙트에 따른 【행동치】 수정은 다른 이펙트보다 우선시 한다."
키마이라,신수격,짐승의 능력을 최대한 이용한 공격을 펼치는 이펙트,3,메이저 액션,<백병>,대결,단일,무기,2,80%,"이 이펙트는 《완전수화》 효과 중에만 사용할 수 있다. 이 이펙트를 조합한 공격의 공격력 +[LV+2]D 한다. 단, 이 이펙트를 사용한 메인 프로세스를 마치면 《완전수화》의 효과는 해제된다."
키마이라,짐승의 혼,레니게이드를 활성화해 자신의 신체능력을 폭발적으로 상승시키는 이펙트,3,오토 액션,-,자동성공,자신,지근,5,100%,당신이 【육체】를 사용하는 기능의 판정을 하기 직전에 사용한다. 그 판정의 다이스를 +5개 한다. 이 이펙트는 씬에 LV번 사용할 수 있다.
키마이라,짐승의 왕,강대한 힘으로 격이 다름을 인식 시켜 상대의 행동을 막는 이펙트,1,메이저 액션,<백병>,대결,단일,무기,4,100%,이 이펙트를 조합한 공격에 대상은 리액션을 할 수 없다. 또한 이 공격에 커버링을 할 경우 가드를 하지 않은 것으로 간주해 대미지를 산출한다. 이 이펙트는 시나리오에 1번 사용할 수 있다.
키마이라,궁극수화,궁극이라 할 정도로 육체를 강인하게 변화시키는 이펙트,5,마이너 액션,-,자동성공,자신,지근,4D10,120%,"《완전수화》의 효과 중에만 사용할 수 있다. 당신이 가할 공격의 대미지를 +(LV)D 하고, 장갑치를 +10 한다. 이 이펙트는 씬을 마치거나 《완전수화》의 효과가 사라질 때까지 지속된다."
키마이라,마수의 증거,키마이라의 생명력을 모조리 쏟아부어 다시 일어나는 이펙트,5,오토 액션,-,자동성공,자신,지근,4D10,120%,당신이 전투불능에 빠졌을 때 사용한다. 당신은 전투불능을 회복하며 HP를 [LVx10]까지 회복한다. 이 이펙트는 시나리오에 1번 사용할 수 있다.
키마이라,강신수화,육체를 갑각 등으로 뒤덮어서 프로텍터처럼 만들어 공격력과 방어력을 높이는 이펙트,3,마이너 액션,-,대결,자신,지근,4,퓨어브리드,"이 씬 동안 당신의 맨손으로 가할 공격의 공격력을 +[LVx2] 하고, 장갑치를 +[LVx3] 한다. 이 장갑치는 다른 방어구와 중복된다."
키마이라,증완,팔을 늘려 더 많은 공격을 하는 이펙트,3,메이저 액션,<백병>,대결,범위(선택),무기,2,퓨어브리드,이 이펙트를 조합한 공격의 대상을 범위(선택)로 변경한다. 이 이펙트는 씬에 LV번 사용할 수 있다.
엑자일,꿈틀거리는 탄환,"탄환이나 화살에 자신의 체조직을 동화시켜, 상처 부위를 통해 상대를 방해하는 이펙트",5,메이저 액션,<사격>,대결,-,무기,2,-,"이 이펙트를 조합한 사격공격으로 1점이라 HP 대미지를 입힌 경우, 대상에게 배드 스테이터스 [중압]을 입힌다. 이 이펙트는 씬에 LV번 사용할 수 있다."
엑자일,동종 포식,자신의 체조직을 타인에게 이식해 부상을 치유하는 이펙트,5,메이저 액션,<RC>,자동성공,단일,지근,2,-,이 이펙트는 자신을 대상으로 삼을 수 없다. 대상의 HP를 [(LV)D+【육체】]점 회복한다.
엑자일,뒤틀린 몸,부드러운 몸을 살려 충격을 흘려보내는 이펙트,10,오토 액션,-,자동성공,자신,지근,1,-,당신이 가드 할 때 선언한다. 이 가드 동안 당신의 가드치를 +[LV+3] 한다.
엑자일,무너지지 않는 무리,몸의 일부분을 분열시켜 대상을 보호하는 이펙트,1,오토 액션,-,자동성공,자신,지근,2,-,"대미지 롤 직전에 사용한다. 당신은 커버링을 한다. 이 커버링으로 당신은 행동완료가 되지 않으며, 당신이 행동완료여도 사용할 수 있다. 이 이펙트는 메인 프로세스에 1번 사용할 수 있다."
엑자일,벽에도 귀가 있다,몸의 일부분을 분리해 독자적으로 정보를 수집하게 하는 이펙트,5,메이저 액션,<정보:>,-,-,-,2,-,모든 <정보:> 와 조합해 사용할 수 있다. 이 이펙트를 조합한 판정의 다이스를 +[LV+1]개 한다.
엑자일,뼈의 검,뼈의 형태를 변화시켜 백병전용 무기로 만들어내는 이펙트,5,마이너 액션,-,자동성공,자신,지근,3,-,그 씬 동안 당신의 맨손 데이터를 아래와 같이 변경한다.
엑자일,뼈의 총,뼈를 탄환으로 삼는 총을 체내에서 만들어내는 이펙트,5,마이너 액션,-,자동성공,자신,지근,3,-,그 씬 동안 당신은 아래와 같은 데이터를 가진 무기를 작성해 장비한다.
엑자일,신축완,팔다리를 늘려 대상을 공격한다.,3,메이저 액션,<백병>,대결,-,시야,2,-,이 이펙트를 조합한 백병공격의 사정거리를 시야로 변경한다. 이 이펙트를 조합한 판정의 다이스를 -[3-LV]개 한다.(최대 0개)
엑자일,올 레인지,자신의 팔다리를 더욱 정확하게 조작하는 이펙트,5,메이저 액션,<백병><사격>,대결,-,무기,2,-,이 이펙트를 조합한 판정의 다이스를 +LV개 한다.
엑자일,춤추는 머리카락,머리카락을 날리거나 움직여 상대를 옮아매는 이펙트,1,메이저 액션,<백병><사격>,대결,-,무기,2,-,"이 이펙트를 조합한 공격으로 1점이라도 HP 대미지를 입힌 경우, 대상에게 배드 스테이터스 [경직]을 입힌다."
엑자일,흡수,대상의 일부를 당신의 신체 내부로 빨아들이는 이펙트,3,메이저 액션,<백병><사격>,대결,-,무기,2,-,"이 이펙트를 조합한 공격으로 1점이라도 대미지를 입힌 경우, 그 라운드 동안 대상이 할 모든 판정의 다이스를 -LV개 한다."
엑자일,관통의 팔,공격의 궤도를 변화시켜 방어의 허점을 찌르는 이펙트.,3,메이저 액션,<백병>,대결,단일,무기,3,-,이 이펙트를 조합한 공격에 대상은 가드를 할 수 없다. 또한 이 공격에 커버링을 할 경우 가드를 하지 않은 것으로 간주해 대미지를 산출한다. 이 이펙트는 시나리오에 LV번 사용할 수 있다.
엑자일,꿈틀거리는 늪,자신의 육체를 액체로 바꾸어 공격을 피하며 이동하는 이펙트.,1,리액션,<회피>,대결,자신,지근,2,-,"이 이펙트를 조합한 닷지에 성공할 경우, 당신은 전투이동을 한다. 이 이동으로 이탈을 할 수 있다. 이 이펙트는 라운드에 1번 사용할 수 있다."
엑자일,데블 스트링,행동을 방해하는 이펙트.,3,오토 액션,-,자동성공,단일,시야,6,-,"대상이 「타이밍: 오토 액션」인 이펙트를 사용한 직후에 선언한다. 대상이 사용한 이펙트의 효과를 없앤다. 단, 「제한: -」 이외의 이펙트와 에너미 이펙트의 효과는 없애지 못한다. 효과를 없앤 이펙트의 달성치가 필요할 경우, 0으로 한다. 이 이펙트는 시나리오에 LV번 사용할 수 있다."
엑자일,뱀의 움직임,몸을 자유로이 늘리고 줄여 공격의 초점을 분산시키는 이펙트.,3,리액션,<회피>,대결,자신,지근,2,-,이 이펙트를 조합한 닷지 판정의 다이스를 +LV개 한다.
엑자일,브레인 핵,자신의 일부를 타인의 체내에 숨겨 증오를 부추기는 이펙트,1,메이저 액션,<백병><사격>,대결,단일,지근,10,-,"이 이펙트를 조합한 공격이 명중할 경우, 배드 스테이터스 [증오]를 입힌다. [증오]의 대상은 당신이 씬 내에서 한 명을 선택한다. 이 이펙트는 씬에 1번 사용할 수 있다."
엑자일,사신의 바늘,바늘처럼 만든 머리카락을 쏘아 공격하는 이펙트.,5,메이저 액션,<사격>,대결,단일,시야,3,-,"「공격력: +[LVx2]」인 사격공격을 한다. 또한, 이 이펙트에 대한 닷지 판정의 다이스를 -2개 한다. 이 공격은 당신과 같은 인게이지에 있는 캐릭터를 대상으로 삼을 수 없다. 장비한 무기의 공격력은 가산할 수 없다."
엑자일,생명의 커튼,《무너지지 않는 무리》로 분리한 육체를 늘려 멀리 떨어진 동료를 감싸는 이펙트.,3,오토 액션,-,자동성공,자신,지근,4,-,당신이 《무너지지 않는 무리》를 사용 하기 직전에 선언한다. 그 커버링은 당신에게서 10m 떨어진 캐릭터에게 할 수 있다. 이 이펙트는 시나리오에 LV 번 사용할 수 있다.
엑자일,스프링실드,공격을 받은 부분의 육체를 용수철 처럼 신축시켜 충격을 흡수하는 이펙트,3,오토 액션,-,자동성공,자신,지근,2,-,당신이 가드를 할 때 선언한다. 이 가드 동안 당신의 가드치를 +10 한다. 이 이펙트는 1씬에 LV번 사용할 수 있다.
엑자일,아귀혼의 사도,상처를 통해 자신의 몸 일부를 대상에게 심어 지속적으로 대미지를 입히는 이펙트.,5,오토 액션,-,자동성공,단일,지근,2,-,대상이 HP 대미지를 입었을 때 사용 한다. 대상에게 배드 스테이터스 [사독]을 입힌다. [사독]의 랭크는 3이다. 이 이펙트는 씬에 LV번 사용할 수 있다.
엑자일,요괴의 손짓,육체를 늘려 대상을 붙잡고 당신의 곁으로 끌어당기는 이펙트,3,메이저 액션,<백병>,대결,단일,20m,2,-,"이 이펙트를 조합한 백병공격으로 대상에게 1점이라도 HP 대미지를 입힐 경우, 대상을 당신이 있는 인게이지로 이동시킨다. 이 이펙트는 씬에 LV번 사용할 수 있다."
엑자일,울트라 바머,자폭해 주위에 대미지를 입히는 이펙트.,5,메이저 액션,<사격>,대결,범위,지근,4,-,「공격력: +[LVx5]」인 사격공격을 한다. 당신 자신은 이 이펙트의 대상이 되지 않는다. 대상은 이 공격에 리액션을 할 수 없다. 이 이펙트를 사용한 메인 프로세스를 마쳤을 때 당신의 HP는 0이 된다. 이 이펙트는 1씬에 1번 사용 할 수 있다.
엑자일,이형의 각인,자신의 육체를 활동에 가장 적합한 구조로 변화시키는 이펙트.,10,항상,-,자동성공,자신,지근,-,-,"당신의 최대 HP를 +[LVx5] 한다. 이 이펙트는 침식률에 따른 레벨업 효과를 받지 않는다. 이 이펙트를 취득할 경우, 침식률 기본치가 +3 된다."
엑자일,이형의 수호,육체를 변형시켜 온갖 악조건으로부터 벗어나는 이펙트.,1,오토 액션,-,자동성공,자신,지근,2,-,"당신이 배드 스테이터스를 입은 직후에 사용한다. 그 배드 스테이터스 하나를 회복한다. 단, 배드 스테이터스 [폭주]는 회복할 수 없다. 이 이펙트는 [중압]을 받고 있을 때도 사용할 수 있다."
엑자일,이형의 제전,체내에서 무수한 팔과 촉수를 만들어내 공격하는 이펙트.,5,메이저 액션,신드롬,대결,[LV+1],-,3,-,"이 이펙트를 조합한 공격의 대상의 수를 [LV+1]로 변경한다. 단, 이 공격의 공격력은 -10 된다."
엑자일,인탱글,팔다리를 촉수로 바꿔 휘감는 이펙트.,3,메이저 액션,<백병>,대결,-,무기,2,-,"이 이펙트를 조합한 백병공격으로 대상에게 1점이라도 HP 대미지를 입힐 경우, 대상에게 배드 스테이터스 [중압] 을 입힌다. 이 이펙트는 1씬에 LV번 사 용할 수 있다."
엑자일,자동촉수,당신을 공격하는 자에게 반격을 가하는 촉수를 만들어내는 이펙트.,5,오토 액션,-,자동성공,자신,지근,2,-,당신이 가드를 할 때 선언한다. 당신을 공격한 캐릭터에게 [LVx3]점의 HP 대미지를 입힌다. 이 이펙트는 라운드에 1번 사용할 수 있다.
엑자일,저주받은 자의 표식,자신의 육체를 세포 레벨까지 제어해 현재의 상황에 집중하는 이펙트,3,오토 액션,-,자동성공,자신,지근,3,-,당신이 모종의 판정을 할 때 사용한다. 그 판정에서는 당신이 입고 있는 다이스 감소 효과를 모두 없앤다. 이 이펙트는 시나리오에 LV번 사용할 수 있다.
엑자일,조검,단단하게 만든 손톱으로 일격을 가하는 이펙트.,5,메이저 액션,<백병>,대결,단일,무기,3,-,이 이펙트를 조합한 백병공격의 공격력을 +[LVx2]한다. 또한 이 이펙트에 대한 닷지 판정의 다이스를 -1개 한다.
엑자일,탐욕스러운 주먹,터무니없는 방향으로 팔다리를 구부려 접근전을 유리하게 이끄는 이펙트.,3,메이저 액션,<백병>,대결,-,무기,3,-,이 이펙트를 조합한 백병공격의 다이스를 +[LV+1]개 한다.
엑자일,나선격,나선의 형태로 힘을 모아 강력한 일격을 가하는 이펙트,3,마이너 액션,-,자동성공,자신,지근,3,80%,이 메인 프로세스 동안 당신이 할 메이저 액션에 대한 리액션은 크리티컬치가 +1 된다. 이 이펙트는 씬에 LV번 사용할 수 있다.
엑자일,이세계의 인자,,1,오토 액션,-,자동성공,효과참조,시야,5,80%,언제든 사용할 수 있다. 당신이 등장 중인 씬 내에서 사용된 이펙트 하나를 대상으로 삼는다. 그 씬 동안 당신은 대상 이펙트를 취득한다. 취득한 이펙트의 레벨은 10이 된다. 아울러 이 효과로 에너미 이펙트 및 「제한: 퓨어 브리드」인 이펙트는 취득할 수 없다. 이 이펙트는 시나리오에 1번 사용할 수 있다.
엑자일,자이언트 그로우스,육체의 일부를 성장시켜 강화하는 이펙트,3,메이저 액션,<백병>,대결,범위(선택),무기,5,100%,이 이펙트를 조합한 백병공격의 대상을 범위(선택)로 변경하고 공격력을 +2D 한다. 이 이펙트는 시나리오에 LV번 사용할 수 있다.
엑자일,생명의 검,고밀도로 압축한 육체를 무기와 함께 꽂는 이펙트.,1,메이저 액션,<백병>,대결,-,무기,3,100%,이 이펙트를 조합한 백병공격의 공격력을 +[육체] 한다.
엑자일,투과,육체를 액체로 바꾸어 공격을 통과시키면서 자신의 에너지로 변환시키는 이펙트,1,오토 액션,-,자동성공,자신,지근,4D10,120%,당신에게 HP 대미지가 산출된 직후에 사용한다. 당신에게 적용될 (예정인) HP 대미지를 0으로 변경한다. 이 이펙트는 시나리오에 1번 사용할 수 있다.
엑자일,융합,몸의 일부를 아군에게 융합시켜 자신의 능력을 주는 이펙트.,1,셋업 프로세스,-,자동성공,단일,지근,2,120%,"그 라운드 동안 대상은 당신이 가진 《융합》 이외의 모든 이펙트를 사용할 수 있다. 단, 이 효과를 받는 동안 당신은 이동할 수 없으며 항상 대상과 같은 인게이지로 이동한다. 이 이펙트의 효과중 처리는 P24을 참조할 것."
엑자일,텅 빈 육체,체내의 중요한 기관을 이동시켜 대미지를 무효화하는 이펙트,3,오토 액션,-,자동성공,자신,지근,3,퓨어브리드,당신에게 HP 대미지가 산출된 직후에 사용한다. 당신에게 적용될 (예정인) HP 대미지를 -(LV)D 한다. 이 이펙트는 라운드에 1번 사용할 수 있다.
엑자일,멀티 어택,육체를 분열시켜 공격을 회피하거나 상대의 도주로를 차단하는 이펙트.,3,오토 액션,-,자동성공,자신,지근,5,퓨어브리드,당신이 공격판정 또는 닷지를 한 직후에 사용한다. 그 판정의 달성치를 +10 한다. 이 이펙트는 시나리오에 LV번 사용할 수 있다.
하누만,거듭되는 파도,파동의 에너지를 증폭해 공격력을 높이는 이펙트. 당신의 힘과 공명해 진동의 에너지는 무한히 높아져만 간다.,5,메이저 액션,신드롬,대결,-,-,2,-,이 이펙트를 조합한 공격의 공격력을 +[LVx2] 한다.
하누만,마녀 사이렌,주위 전역에 진동파 공격을 가하는 이펙트,5,메이저 액션,<RC>,대결,씬(선택),시야,5,-,「공격력 : +[LVx3]」인 사격공격을 한다. 이 이펙트를 조합한 공격은 대상의 장갑치를 무시하고 대미지를 산출한다. 이 이펙트를 조합한 판정에는 《컨센트레이트》를 조합할 수 없다.
하누만,바람의 메신저,소리 자체를 조종해 대상에게만 목소리를 전하는 이펙트. 당신은 공간에 발생하는 파동 그 자체를 조작해 특정한 영역에만 소리를 퍼뜨릴 수 있다.,5,메이저 액션,<교섭>,-,LV+1체,-,3,-,이 이펙트를 조합한 행동의 대상을 [LV+1]체로 변경한다. 이 이펙트는 씬에 1번 사용할 수 있다.
하누만,배틀 비트,독특한 리듬으로 싸워 전투를 유리하게 이끄는 이펙트. 당신은 내면의 고동을 파악해 그 비트를 타고 싸우면서 적을 희롱한다.,3,마이너 액션,-,자동성공,자신,지근,2,-,"그 메인 프로세스 동안, 당신이 할 하누만의 이펙트를 사용한 판정의 다이스를 +LV개 한다."
하누만,사자분신,동시에 몇 차례나 되는 공격을 펼쳐 당신 주위에 있는 모든 적을 휩쓸어버리는 이펙트. 적이 몇백 명이라 해도 당신 앞에서는 순식간에 끝난다.,3,메이저 액션,<백병>,대결,범위(선택),무기,4,-,이 이펙트를 조합한 백병공격의 대상을 범위(선택)로 변경한다. 이 이펙트는 시나리오에 LV번 사용할 수 있다.
하누만,성원,"목소리를 매개체 삼아 대상의 운동능력, 사고능력을 증폭하는 '파도'를 보내는 이펙트",3,메이저 액션,<교섭>,자동성공,-,시야,2,-,대상이 다음에 할 메이저 액션의 다이스를 +LV개 한다.
하누만,엔젤 보이스,기분 좋은 고주파를 수반한 목소리를 내는 이펙트. 출력을 조정한 고주파를 듣는 이는 온몸이 떨려온다.,3,메이저 액션,<교섭>,자동성공,단일,시야,4,-,"대상이 다음에 할 메이저 액션의 크리티컬치를 -1(하한치 6) 하고, 판정의 다이스를 +LV개 한다."
하누만,울부짖는 발톱,진동파를 전달시켜 모든 장갑을 무시하고 대미지를 입히는 이펙트. 당신의 진동파에는 물질분자결합을 분해하는 효과가 있다.,5,메이저 액션,<백병><사격>,대결,-,무기,2,-,"이 이펙트를 조합한 공격은 대상의 장갑치를 무시하고 대미지를 산출하며, 공격력을 -[5-LV](최대 0) 한다."
하누만,일섬,순식간에 적엑게 다가가 공격하는 이펙트,1,메이저 액션,<백병>,대결,-,무기,2,-,"이 이펙트를 조합할 경우, 전력이동을 한 직후에 백병공격을 가한다. 공격의 성공과 실패에 관계 없이 이동은 이루어진다. 단, 이탈은 할 수 없다."
하누만,전광석화,육체의 한계를 아득히 초월한 스피드와 반사신경을 발휘하는 이펙트,3,메이저 액션 / 리액션,【육체】【감각】,-,-,-,3,-,"이 이펙트를 조합한 판정의 다이스를 +[LV+1]개 한다. 단, 이 이펙트를 사용한 메인 프로세스를 마쳤을 때 당신은 HP를 1D점 잃는다."
하누만,진동구,진동파를 쏘아 적을 공격하는 이펙트. 아무리 두꺼운 장갑이라도 진동파 앞에서는 무력하다.,10,메이저 액션,<RC>,대결,-,시야,3,-,「공격력 : +LV」인 사격공격을 한다. 이 공격은 대상의 장갑치를 무시하고 대미지를 산출한다.
하누만,광란의 일성,고주파로 적의 신경계를 뒤틀어 당신을 공격의 우선목표로 바꿔놓는 이펙트.,10,메이저 액션,<교섭>,대결,단일,시야,2,-,"「공격력: +LV」인 사격공격을 한다. 명중할 경우, 대상에게 배드 스테이터스 [증오]를 입힌다. [증오]의 대상은 당신이 된다."
하누만,그림자 질주,초인적인 운동능력을 발휘하는 이펙트. 물 위를 달리거나 벽을 탄다. 당신의 속도는 중력조차 무시하는 것이다.,3,마이너 액션,-,자동성공,자신,지근,2,-,"당신은 전투이동을 한다. 이 이동으로 이탈을 할 수 있다. 또한, 이동 중 다른 인게이지에 접촉해도 이동을 끝낼 필요는 없으며, 봉쇄의 영향도 받지 않는다. 이 이펙트는 시나리오에 LV번 사용할 수 있다."
하누만,밸런스 브레이크,자신의 육체를 세포 레벨까지 제어해 현재의 상황에 집중하는 이펙트.,5,메이저 액션,<RC>,대결,단일,시야,2,-,당신이 모종의 판정을 할 때 사용한다. 그 판정에서는 당신이 입고 있는 다이스 감소 효과를 모두 없앤다. 이 이펙트는 시나리오에 LV번 사용할 수 있다.
하누만,베이직 리서치,넓은 범위의 소리 속에서 정보를 끄집어내는 이펙트. 당신의 '귀'는 시내에서 유익한 정보만을 긁어모을 수 있다.,5,메이저 액션,<정보:>,-,-,-,2,-,모든 <정보:>와 조합해 사용할 수 있다. 이 이펙트를 조합한 판정의 다이스를 +[LV+1]개 한다.
하누만,브레인 셰이크,상대의 뇌에 직접 진동을 보내 의식을 몽롱하게 만드는 이펙트.,1,메이저 액션,신드롬,대결,-,-,2,-,"이 이펙트를 조합한 공격이 명중할 경우, 대상에게 배드 스테이터스 [방심]을 입힌다."
하누만,선수 필승,압도적인 속도로 행동하는 이펙트. 모든 신드롬 중에서 가장 빠르다는 것이야말로 하누만의 진정한 힘이다.,5,항상,-,자동성공,자신,지근,-,-,"당신의 【행동치】를 +[LVx3] 한다. 이 이펙트는 침식률에 따른 레벨업 효과를 받지 않는다. 이 이펙트를 취득할 경우, 침식률 기본치가 +4된다."
하누만,소닉 붐,이동에서 오는 진공파로 피라미들을 날려버리는 이펙트.,3,메이저 액션,<백병>,대결,범위(선택),지근,2,-,"백병공격을 한다. 명중할 경우, 대상을 전투불능으로 만든다. 이 이펙트를 조합한 공격으로 대상에 HP 대미지를 입힐 수는 없다. 이 이펙트는 시나리오 에 LV번 사용할 수 있다."
하누만,스타트 대시,순간적으로 자신의 속도를 높여 이동하는 이펙트.,3,셋업 프로세스,-,자동성공,자신,지근,3,-,당신은 전투이동을 한다. 이 이동으로 이탈을 할 수 있다. 이 이펙트는 씬에 LV번 사용할 수 있다.
하누만,아크로바트,백텀블링이나 공중제비 등 아크로바틱한 동작으로 공격을 피하는 이펙트. 하누만의 운동성 앞에선 총탄조차 멈춘 것처럼 보인다.,3,리액션,<회피>,대결,자신,지근,2,-,이 이펙트를 조합한 닷지 판정의 다이스를 +LV개 한다.
하누만,액티브 소나,자신이 발한 초음파나 희미한 소리의 진동을 감지해 주위를 지각하는 이펙트. 당신의 '귀' 앞에선 거리도 사각도 의미가 없다.,3,메이저 액션 / 리액션,<지각>,-,-,-,2,-,이 이펙트를 조합한 판정의 다이스를 +LV개 한다.
하누만,어스셰이커,국지적인 지진을 일으켜 상대의 자세를 무너뜨리는 이펙트.,3,메이저 액션,<RC>,대결,-,시야,2,-,"사격공격을 한다. 명중할 경우, 그 라운드 동안 대상이 할 모든 판정의 다이스를 -LV개 한다."
하누만,음속공격,음속으로 공격하는 이펙트. 이 빠른 일격에는 아무도 끼어들 수 없다.,3,메이저 액션,<백병><사격>,대결,-,무기,2,-,이 이펙트를 조합한 공격의 다이스를 +LV개 한다.
하누만,음파조율,특정한 소리를 조합한 말이나 노래로 대상의 컨디션 저하를 회복하는 이펙트.,1,메이저 액션,<교섭>,자동성공,-,시야,2,-,대상이 입은 [폭주] 이외의 배드 스테이터스를 모두 회복시킨다.
하누만,잔상,고속이동으로 분신을 만들어내 적의 공격을 피하는 이펙트.,3,리액션,<회피>,대결,자신,지근,3,-,"그 라운드에 전투이동, 전력이동, 이탈을 했을 경우 사용할 수 있다. 이 이펙트를 조합한 닷지 판정의 다이스를 +[LVx2]개 한다."
하누만,질풍검,눈에 비치지도 않는 속도로 공격을 펼치는 이펙트. 속도에 모든 것을 건 일격. 그 속도는 섬광과도 같다.,5,메이저 액션,<백병>,대결,-,무기,2,-,이 이펙트를 조합한 공격에 대한 리액션의 판정다이스를 -LV개 한다.
하누만,침투격,손바닥이나 무기에 진동파를 실어 일격을 가하는 이펙트.,3,메이저 액션,<백병><사격>,대결,단일,무기,2,-,이 이펙트를 조합한 공격에 대상은 가드를 할 수 없다. 또한 이 공격에 커버링을 할 경우 가드를 하지 않은 것으로 간주해 대미지를 산출한다. 이 이펙트는 시나리오에 LV번 사용할 수 있다.
하누만,칼날바람,초고속으로 무기를 내리쳐 진공의 칼날을 만들어내 상대를 공격하는 이펙트.,1,메이저 액션,<백병>,대결,-,시야,2,-,"이 이펙트를 조합한 백병공격의 사정거리를 시야로 변경한다. 단, 그 공격의 공격력을 -5 한다."
하누만,파쇄의 소리,고주파 진동으로 적의 방어구를 파괴하는 이펙트.,5,메이저 액션,<RC>,대결,-,시야,2,-,"이 이펙트는 《진동구》와 조합해 사용한다. 이 이펙트를 조합한 공격으로 대상에 1점이라도 HP 대미지를 입힐 경우, 대상이 장비한 방어구 하나를 파괴 한다. 이 이펙트는 씬에 LV번 사용할 수 있다."
하누만,하드 비트,언어에 대상의 육체를 활성화시키는 특수한 진동을 싣는 이펙트,5,메이저 액션,<교섭>,자동성공,-,시야,2,-,대상이 다음에 가할 공격의 공격력을 +[LVx2] 한다.
하누만,잔나비와도 같이,고속화된 신경전달로 초고속 연속공격을 가하는 이펙트. 그러나 너무나도 빠르기에 제어는 어렵다.,3,메이저 액션,신드롬,대결,단일,-,5,80%,"이 이펙트를 조합한 공격의 공격력을 +[LVx10] 한다. 단, 이 이펙트를 조합한 판정의 다이스는 -5개 된다. 이 이펙트는 시나리오에 1번 사용할 수 있다."
하누만,파문의 방진,진동으로 공격을 비껴나가게 하는 이펙트.,5,오토 액션,-,자동성공,단일,시야,3,80%,대상에 HP 대미지가 적용되기 직전에 사용한다. 대상이 입을 (예정인) 대미지를 -[LV+1]D 한다. 이 이펙트는 당신을 대상으로 삼을 수 없다. 이 이펙트는 라운드에 1번 사용할 수 있 다.
하누만,리미트 릴리스,신경가속으로 한계를 돌파하는 이펙트,1,오토 액션,-,자동성공,자신,지근,6,100%,당신이 판정을 하기 직전에 사용한다. 그 판정의 크리티컬치를 -1(하한치 5) 한다. 이 이펙트는 시나리오에 1번 사용할 수 있다.
하누만,라이트 스피드,고속으로 연속행동을 하는 이펙트.,1,마이너 액션,-,자동성공,자신,지근,5,100%,그 메인 프로세스에서 당신은 메이저 액션을 두 번 할 수 있다. 판정이 발생 할 경우 각각 별도로 처리할 것. 또한 그 메이저 액션에서는 판정의 크리티컬치가 +1 된다. 이 이펙트는 시나리오에 1번 사용할 수 있다.
하누만,허물벗기,잔상을 남기고 고속이동해 적의 공격을 자신에게서 빗나가게 하는 이펙트,1,오토 액션,-,자동성공,자신,지근,4D10,120%,당신에게 HP 대미지가 산출된 직후에 사용한다. 그 HP 대미지를 0으로 한다. 이 이펙트는 시나리오에 1번 사용할 수 있다.
하누만,신속의 고동,진동파를 이용해 이펙트를 확대 하는 이펙트.,1,메이저 액션,효과참조,대결,씬(선택),시야,20,120%,"모든 기능과 조합해 사용할 수 있다. 이 이펙트를 조합한 이펙트의 대상을 씬(선택)으로, 사정거리를 시야로 변경한다. 이 이펙트는 시나리오에 1번 사용할 수 있다."
하누만,스피드 포스,"터무니없는 속도로, 적에게 반응할 시간을 주지 않고 행동하는 이펙트",3,이니셔티브 프로세스,-,자동성공,자신,지근,4,퓨어브리드,당신은 이니셔티브 프로세스에 메인 프로세스를 할 수 있다. 이 이펙트는 당신이 미행동이어야만 사용할 수 있다. 이 이펙트는 시나리오에 LV번 사용할 수 있다. 이 이펙트는 다른 이펙트와 조합해 사용할 수 없다.
하누만,질풍신뢰,초가속된 육체로 누구도 따라잡지 못할 움직임을 보이는 이펙트.,3,메이저 액션,신드롬,대결,-,-,3,퓨어브리드,이 이펙트를 조합한 공격에 대상은 닷지를 할 수 없다. 이 이펙트는 시나리오에 LV번 사용할 수 있다.
모르페우스,기간틱 모드,무기를 분열시키는 이펙트. 무수히 갈라진 무기 하나하나는 수많은 적을 적확하게 쓰러뜨린다.,1,메이저 액션,<백병><사격>,대결,범위(선택),무기,3,-,"이 이펙트를 조합한 공격의 대상을 범위(선택)로 변경한다. 단, 판정 후 당신이 장비 중인 무기는 모두 파괴된다."
모르페우스,리인포스,물질의 강도를 높여 공격력을 향상시키는 이펙트. 당신이 다루는 무기는 다이아몬드 이상의 경도를 자랑한다. 당신의 손에 들어가면 설령 낡아빠진 검이라도 명검으로 바뀔 것이다.,5,메이저 액션,신드롬,대결,-,-,2,-,이 이펙트를 조합한 공격의 공격력을 +[LVx2] 한다.
모르페우스,모래결계,모래로 상대를 보호하는 이펙트,1,오토 액션,-,자동성공,자신,지근,2,-,"대미지 롤 직전에 사용한다. 당신은 커버링을 한다. 이 커버링으로 당신은 행동완료가 되지 않으며, 당신이 행동완료여도 사용할 수 있다. 이 이펙트는 메인 프로세스에 1번 사용할 수 있다."
모르페우스,사이코메트리,물품에서 정보를 이끌어내는 이펙트. 벽이나 바닥을 통해 그 장소에서 일어났던 일을 이끌어 낼 수 있다.,3,메이저 액션,<정보:>,-,-,-,2,-,모든 <정보:> 판정과 조합할 수 있다. 이 이펙트를 조합한 판정의 다이스를 +[LV+2]개 한다.
모르페우스,수정검,닿은 물질을 결정으로 만들어 분쇄하는 수정을 무기에 두르는 이펙트,3,메이저 액션,-,자동성공,효과참조,지근,4,-,무기를 하나 선택한다. 그 시나리오 동안 선택한 무기의 공격력을 +[LVx2] 한다. 이 이펙트는 다른 이펙트와 조합해 사용할 수 없다. 이 이펙트는 시나리오에 3번 사용할 수 있다.
모르페우스,실드 크리에이트,물질을 변환해 방패를 제작하는 이펙트. 형상은 당신이 원하는 대로다,5,마이너 액션,-,자동성공,자신,지근,3,-,그 씬 동안 당신은 아래와 같은 데이터를 가진 무기를 작성해 장비한다.
모르페우스,인피니티 웨폰,물질을 변환해 백병전용 무기를 제작하는 이펙트. 형상은 당신이 원하는 대로다.,5,마이너 액션,-,자동성공,자신,지근,3,-,그 씬 동안 당신은 아래와 같은 데이터를 가진 무기를 작성해 장비한다.
모르페우스,커스터마이즈,무기를 공격에 가장 적합한 형태로 바꾸는 이펙트. 당신의 손에 딱 맞도록 무기가 모습을 바꾼다. 그것은 세상에 단 하나뿐인 당신의 전용 무기다.,3,메이저 액션,<백병><사격>,대결,-,무기,2,-,이 이펙트를 조합한 판정의 다이스를 +LV개 한다.
모르페우스,페너트레이트,무기의 형상을 변화시켜 관통력을 높이는 이펙트,1,메이저 액션,<백병><사격>,대결,-,무기,3,-,"이 이펙트를 조합한 공격은 대상의 장갑치를 무시하고 대미지를 산출한다. 단, 이 이펙트를 조합한 판정의 다이스를 -1개 한다."
모르페우스,헌드레드 건즈,물질을 변환해 사격전용 무기를 제작하는 이펙트. 형상은 당신이 원하는 대로다.,5,마이너 액션,-,자동성공,자신,지근,3,-,그 씬 동안 당신은 아래와 같은 데이터를 가진 무기를 작성해 장비한다.
모르페우스,황금연성,물질을 황금으로 변환하는 이펙트,3,항상,-,자동성공,자신,지근,-,-,"캐릭터 작성시 및 애프터플레이에서 사입화 포인트를 계산할 때 상비화 포인트를 +[Lvx3] 한다. 이 이펙트는 침식률에 따른 레벨업 효과를 받지 않는다. 이 이펙트를 취득할 경우, 침식률 기본치를 +3 한다."
모르페우스,거장의 기억,물품에 깃든 기억을 읽어 옛 거장의 영혼을 이어받아 위대한 예술을 자아내는 이펙트.,5,메이저 액션,효과참조,-,-,-,2,-,"이 이펙트는 <예술:>, <지식:>, <정보:>와 조합해 사용할 수 있다. 이 이펙트를 조합한 판정의 다이스를 +LV개 한다."
모르페우스,더블 크리에이트,양손에 무기를 하나씩 작성하는 이펙트.,10,마이너 액션,-,자동성공,자신,지근,3,-,"이 이펙트는 《인피니티 웨폰》, 《실드 크리에이트》, 《헌드레드 건즈》 중 어느 하나와 조합해 사용한다. 이러한 이펙트로 작성한 무기의 수를 2개로 변경하고, 공격력 혹은 가드치를 +LV 한다."
모르페우스,라이트웨이트 모드,무기의 중량을 가볍게 해 성능을 향상시키는 이펙트. 당신의 손 안에서 무기는 작은 나뭇가지처럼 가볍게 춤춘다.,5,메이저 액션,<백병><사격>,대결,-,무기,2,-,이 이펙트를 조합한 공격에 대한 리액션의 판정의 다이스는 -LV개 된다.
모르페우스,머신 모핑,아이템을 제작하는 이펙트.,5,메이저 액션,<의지>,효과참조,자신,지근,3,-,이 이펙트를 사용해 구입판정을 할 수 있다. 또한 이 이펙트를 조합한 구입판정의 달성치를 +[LVx2] 한다. 이 이펙트는 다른 이펙트와 조합해 사용할 수 없다. 이 이펙트는 씬에 1번 사용할 수 있다.
모르페우스,모래방패,공격에 대응해 자동으로 모래가 모여 방패를 만들어내는 이펙트.,3,오토 액션,-,자동성공,자신,지근,2,-,당신이 가드를 할 때 선언한다. 이 가드 동안 당신의 가드치를 +[LVx2] 한다.
모르페우스,모래의 가호,모래를 조작해 아군을 지원하는 이펙트.,3,오토 액션,-,자동성공,단일,시야,3,-,대상이 판정을 하기 직전에 사용한다. 그 판정의 다이스를 +LV개 한다. 이 이펙트는 라운드에 1번 사용할 수 있다.
모르페우스,모래의 축복,모래로 더욱 먼 곳까지도 감싸는 이펙트.,3,오토 액션,-,자동성공,자신,지근,4,-,당신이 《모래결계》를 사용하기 직전에 선언한다. 이 커버링은 당신에게서 [LVx10]m 떨어진 캐릭터에게 할 수 있다. 이 이펙트는 씬에 1번 사용할 수 있다.
모르페우스,모래칼날,"칼날 형태의 모래를 날려 상대를 공격하는 이펙트. 모래의 형태를 마음 먹은 대로 종횡무진 바꾸어, 거대한 칼날로 삼아 적을 양단한다.",10,메이저 액션,<RC>,대결,-,시야,2,-,"「공격력: +[LV+2]」인 사격공격을 한다. 이 공격에 가드를 할 경우, 그 가드의 가드치를 -5 한다."
모르페우스,비클 모핑,물질을 변환해 탈것을 제작하는 이펙트.,3,마이너 액션,-,자동성공,자신,지근,2,-,사용시 비클 모핑 전용 아이템(P179) 에서 하나를 선택할 것. 당신은 선택한 비클을 취득해 사용할 수 있다. 즉시 탑승상태가 되어도 좋다. 이 이펙트로 취득한 비클은 씬을 마칠 때 사라진다.
모르페우스,수호의 모래,모래를 조작해 상대의 공격을 방어하는 이펙트.,1,리액션,<RC>,대결,자신,지근,3,-,이 이펙트를 조합한 판정으로 당신은 닷지를 할 수 있다.
모르페우스,아머 크리에이트,물질을 변환해 방어구를 제작하는 이펙트. 형상은 당신이 원하는 대로다.,5,마이너 액션,-,자동성공,자신,지근,2,-,그 씬 동안 아래와 같은 데이터를 가진 방어구를 작성해 장비한다. 이때 장비 중인 방어구와 교환할 수 있다.
모르페우스,어웨이큰,뇌내물질을 변환해 의식을 각성시키는 이펙트.,3,메이저 액션,<RC>,자동성공,단일,지근,5,-,"대상의 전투불능을 회복하고 HP를 1까지 회복한다. 단, 대상의 침식률은 5점 상승한다. 이 이펙트는 시나리오에 LV번 사용할 수 있다."
모르페우스,에이스 드라이버,탈것의 구조를 구석구석까지 파악해 마치 자신의 육체와 직결된것 처럼 조종하는 이펙트,5,메이저 액션 / 리액션,<운전:>,-,-,-,2,-,이 이펙트를 조합한 판정의 다이스를 +LV개 한다.
모르페우스,인스턴트 봄,당신이 건드린 곳을 폭발물로 바꿔 폭발시키는 이펙트,5,메이저 액션,<백병>,대결,-,지근,3,-,"「공격력 : +[LVx2]」인 백병공격을 한다. 이 이펙트를 조합한 공격은 대상의 장갑치를 무시하고 대미지를 산출한다. 단, 장비한 무기의 공격력은 가산할 수 없다."
모르페우스,제노사이드 모드,무기를 거대화해 많은 사람을 한꺼번에 공격하는 이펙트,3,메이저 액션,<백병><사격>,대결,범위(선택),무기,3,-,"트루프만을 대상으로 삼을 수 있다. 이 이펙트를 조합한 공격이 명중할 경우, 대상을 전투불능으로 만든다. 이 이펙트를 조합한 공격으로 대상에게 HP 대미지를 입힐 수는 없다. 이 이펙트는 시나리오에 LV번 사용할 수 있다."
모르페우스,패럴라이즈,상대의 운동기능을 마비시키는 이펙트,3,메이저 액션,<RC>,대결,범위(선택),시야,2,-,"사격공격을 한다. 명중할 경우, 대상에 배드 스테이터스 [경직]을 입힌다. 이 이펙트는 씬에 LV번 사용할 수 있다."
모르페우스,페트리파이,상대의 다리를 석화시켜 이동을 저지하는 이펙트,3,메이저 액션,<RC>,대결,-,시야,2,-,"사격공격을 한다. 명중할 경우, 그 씬 동안 대상의 【행동치】를 - [LVx2] 한다. 대상은 마이너 액션을 사용해 이 효과를 해제할 수 있다."
모르페우스,폼 체인지,공격에 대응해 무기를 방어용으로 변형시키는 이펙트,5,마이너 액션,-,자동성공,자신,지근,2,-,"당신이 장비하거나 소지한 「맨손」 이외의 무기를 하나 선택한다. 그 씬 동안, 선택한 무기의 공격력을 -3, 가드치를 +[LVx2] 한다. 이 이펙트는 씬에 1번 사용할 수 있다."
모르페우스,힐,육체를 재구성해 상처를 치유하는 이펙트. 손상된 부위는 당신의 힘을 받아 재생된다. 그것은 레니게이드가 가져오는 기적의 위업이다.,5,메이저 액션,<RC>,자동성공,단일,시야,2,-,대상의 HP를 [(LV)D + 【정신】]점 회복한다.
모르페우스,퍼펙트 컨트롤,물체의 구조를 완벽히 이해해 한순간이지만 완전무결하게 구사하는 이펙트,1,오토 액션,-,자동성공,자신,지근,4,80%,"당신이 판정을 하기 직전에 사용한다. 그 판정의 달성치를 +10 한다. 단, 당신은 그 판정 후 HP를 5점 잃느니다. 이 이펙트는 씬에 1번 사용할 수 있다."
모르페우스,서포트 디바이스,한 가지 행위를 보조하기 위한 아이템을 생성하는 이펙트.,5,셋업 프로세스,-,자동성공,자신,지근,6,80%,"취득시 기본능력치에서 하나를 선택한다. 그 라운드 동안, 선택한 기본능력치를 사용한 판정의 다이스를 +[LVx2]개 한다. 이 이펙트는 시나리오에 3번 사용할 수 있다."
모르페우스,크리스탈라이즈,공격을 가한 곳부터 대상을 결정으로 만들어 부수는 이펙트,3,메이저 액션,신드롬,대결,-,-,4,100%,"이 이펙트를 조합한 공격의 공격력을 +[LVx3] 하며, 대상의 장갑치를 무시하고 대미지를 산출한다. 이 이펙트는 시나리오에 3번 사용할수 있다."
모르페우스,물질합성,,1,메이저 액션,-,자동성공,자신,지근,5,100%,"당신이 장비 또는 소지 중인, 기능이 같은 무기 또는 방어구 2개를 선택한다. 선택한 아이템은 파괴되며 당신은 그 씬 동안 선택한 아이템의 명중, 공격력, 닷지, 행동, 장갑치, 가드치를 합계한 아이템 하나를 취득해 즉시 장비한다. 단, 사정거리는 짧은 쪽으로 고정된다. 이 이펙트는 씬에 1번 사용할 수 있다."
모르페우스,혼의 연성,자신의 영혼을 물질변환으로 만들어내는 이펙트,2,오토 액션,-,자동성공,자신,지근,4D10,120%,"당신이 전투불능이 되었을 때 사용한다. 당신은 전투불능을 회복하고, HP를 [LVx10]까지 회복한다. 이 이펙트는 시나리오에 1번 사용할 수 있다."
모르페우스,기가노트랜스,통상보다도 많은 물질을 연성해 효과를 광범위하게 확대하는 이펙트,1,메이저 액션,신드롬,대결,씬(선택),시야,20,120%,"이 이펙트를 조합한 행동의 대상을 씬(선택)으로, 사정거리는 시야로 변경한다. 이 이펙트는 씬에 1번 사용할 수 있다."
모르페우스,연성의 법칙,더욱 기능이 뛰어난 물건을 만들어내는 이펙트.,3,오토 액션,-,자동성공,효과참조,-,4,퓨어브리드,"언제든 선언할 수 있다. 당신이 이펙트로 작성한 무기, 방어구, 비클 하나를 대상으로 삼는다. 그 씬 동안 그 아이템의 공격력, 가드치, 장갑치 중 어느 하나를 +5 한다. 이 이펙트는 시나리오에 LV번 사용할 수 있다."
모르페우스,창조의 손길,모르페우스가 가진 창조능력을 최대한으로 발휘하는 이펙트,3,메이저 액션 / 리액션,신드롬,-,-,-,3,퓨어브리드,이 이펙트를 조합한 판정의 다이스를 +5개 한다. 이 이펙트는 시나리오에 LV번 사용할 수 있다.
노이만,듀얼 듀얼,페인트를 섞은 연속공격을 펼쳐 필살의 일격을 위한 포석을 만드는 이펙트.,3,메이저 액션,<백병><사격>,대결,-,무기,2,-,"이 이펙트를 조합한 공격에 대한 닷지의 크리티컬치를 +1 한다. 단, 이 효과로 크리티컬치가 10을 넘을 수는 없다. 이 이펙트는 씬에 LV번 사용할 수 있다."
노이만,멀티 웨폰,여러개의 무기를 사용하는 이펙트,1,메이저 액션,<백병><사격>,대결,-,무기,3,-,"같은 기능으로 다루는 무기의 공격력을 2개 합계해 사용할 수 있다. 두 무기는 양쪽 모두 장비하고 있어야만 한다. 사정거리는 가장 짧은 것. 공격범위는 가장 좁은 것을 적용한다. 같은 인게이지를 공격할 수 없는 무기와 공격할 수 있는 무기를 조합한 경우, 전자를 따른다."
노이만,블랙마켓,시장의 동향이나 정보 등에 조작을 가해 원하는 아이템 쉽게 손에 넣는 이펙트,5,항상,-,-,자신,지근,-,-,"당신의 상비화 포인트를 +[LVx3] 한다. 이 이펙트는 침식률에 따른 레벨업 효과를 받지 않는다. 이 이펙트를 취득할 경우, 당신의 침식률 기본치를 +2 한다."
노이만,어드바이스,적절한 조언으로 대상의 행동을 더욱 정확하게 이끌어주는 이펙트,5,메이저 액션,<교섭>,자동성공,단일,시야,4,-,"다음에 대상이 할 메이저 액션의 크리티컬치를 -1(하한치 6) 하고, 그 판정의 다이스를 +LV개 한다."
노이만,오우거 배틀,전투의 천재성을 나타내는 이펙트. 당신의 전투는 마치 신장(神將)과도 같아 절대적인 파괴와 혼란을 가져온다.,10,마이너 액션,-,자동성공,자신,지근,2,-,그 메인 프로세스 동안 당신이 가할 공격의 대미지를 +[LV+2] 한다.
노이만,인스피레이션,직감으로 과정을 건너뛰고 정답에 도달하는 이펙트. 이것은 천재만이 가진 영감의 힘이다.,3,메이저 액션,-,자동성공,자신,지근,2,-,"GM에게 의문점을 직접 질문할 수 있다. GM은 답변을 거부할 수 있으나, 이 경우에는 사용횟수가 줄지 않는다. 이 이펙트는 시나리오에 LV번 사용할 수 있다. 이 이펙트는 다른 이펙트와 조합해 사용할 수 없다."
노이만,전술,동료에게 적확한 전술지시를 내려 행동을 서포트하는 이펙트,5,셋업 프로세스,-,자동성공,씬(선택),시야,6,-,대상이 이 라운드에 할 메이저 액션의 다이스를 +LV개 한다. 이 이펙트는 당신 자신을 대상으로 선택할 수 없다.
노이만,천성의 영감,순간적인 영감으로 모든 행동을 정확히 간파하는 이펙트,3,메이저 액션,효과참조,-,-,-,4,-,"모든 능력치 판정 및 기능판정과 조합할 수 있다. 그 판정의 크리티컬치를 -[LV(하한치7)]한다. 단, 이 이펙트는 전투 중에는 사용할 수 없다."
노이만,컨트롤 소트,사고로 신체를 제어하는 이펙트,1,메이저 액션,효과참조,대결,-,무기,2,-,"이 이펙트를 취득할 때 <백병> 혹은 <사격> 중 하나를 선택할 것, 선택한 쪽을 이 이펙트의 사용기능으로 삼는다. 이 이펙트를 조합한 판정은 【정신】으로 판정할 수 있다."
노이만,컴뱃 시스템,당신이 마치 잘 짜여진 프로그램 처럼 정확하게 전투한다는 사실을 나타내는 이펙트,3,메이저 액션 / 리액션,효과참조,대결,-,-,3,-,"이 이펙트를 취득할 때 <백병> 혹은 <사격> 중 하나를 선택할 것, 선택한 쪽을 이 이펙트의 사용기능으로 삼는다. 이 이펙트를 조합한 판정의 다이스를 +[LV+1]개 한다."
노이만,퀵 드로우,자세를 잡음과 동시에 공격을 펼쳐 상대의 의표를 찌르는 이펙트,5,메이저 액션,<백병><사격>,대결,-,무기,3,-,이 이펙트에 대한 닷지 판정의 다이스를 -[LVx2]개 한다. 또한 이때 장비 할 무기를 변경하도 된다. 이 이펙트는 씬에 1번 사용할 수 있다.
노이만,가드크래시,바늘구멍을 통과하듯 정확한 공격을 가하는 이펙트.,5,메이저 액션,<백병><사격>,대결,-,무기,2,-,"이 이펙트를 조합한 공격으로 1점이라도 HP 대미지를 입힌 경우, 그 라운드 동안 대상이 할 가드의 가드치를 -[LVx3] 한다."
노이만,급소 조준,"상대를 가장 확실하게 쓰러뜨리는 방법, 그것은 냉정하게 약점을 분석해 그곳을 중점적으로 공격하는 것 이다. 이에 따라 대미지를 높이는 이펙트다.",10,메이저 액션,<백병><사격>,대결,-,무기,2,-,이 이펙트를 조합한 공격의 공격력을 +[LV+2] 한다.
노이만,다중성벽,여러 개의 무기로 공격을 받아내는 이펙트.,1,오토 액션,-,자동성공,자신,지근,3,-,"당신이 가드를 할 때 선언한다. 이 가드 동안, 같은 기능으로 다루는 무기의 가드치를 2개 합계 해 사용할 수 있다. 2개의 무기는 양쪽 모두 장비하고 있어야만 한다."
노이만,디펜스 서포트,외부에서 냉정하게 분석해 공격의 위력을 줄이는 지원을 하는 이펙트.,3,오토 액션,-,자동성공,단일,시야,2,-,"대상이 가드를 할 때 선언한다. 이 가드 동안 대상의 가드치를 +[LVx3] 한 다. 단, 이 이펙트는 당신 자신을 대상으로 삼을 수 없다. 이 이펙트는 라운드에 1번 사용할 수 있다"
노이만,리커버리,적절한 지시를 내려 동료의 불리한 상황을 타파하는 이펙트.,3,셋업 프로세스,-,자동성공,단일,시야,2,-,"대상이 입고 있는 [폭주] 이외의 배드 스테이터스를 모두 회복한다. 단, 이 이펙트는 당신 자신을 대상으로 삼을 수 없다. 이 이펙트는 씬에 LV번 사용할 수 있다."
노이만,밀착사격,원래는 사격이 어려운 초근접전에서 총기를 사용하는 이펙트.,3,메이저 액션,<사격>,대결,-,지근,2,-,"이 이펙트를 조합한 사격공격의 다이스를 +LV개 한다. 이 이펙트를 조합한 공격은 반드시 사정거리: 지근」이 되지만, 같은 인게이지에 있는 캐릭터에 게 공격할 수 없는 무기여도 사용할 수 있다."
노이만,베리어블 웨폰,많은 무기를 사용하는 이펙트.,1,메이저 액션,<백병><사격>,대결,-,무기,3,-,"이 이펙트는 《멀티 웨폰》과 조합해 사용한다. 당신이 소지한, 공격에 사용할 무기와 기능이 같은 무기 중에서 LV개를 선택할 것. 조합한 무기의 공격력에 +[선택한 무기의 공격력 합계] 한다. 선택한 무기는 그 메인 프로세스 동안 장비하고 있는 것으로 간주한다."
노이만,붕괴일점,"장갑의 가장 약한 곳, 파쇄점을 찔러 이를 파괴하는 이펙트.",5,메이저 액션,<백병><사격>,대결,-,무기,4,-,"이 이펙트를 조합한 공격으로 대상에게 1점이라도 HP 대미지를 입힌 경우, 대상이 장비한 방어구 하나를 파괴한다. 이 이펙트는 씬에 LV번 사용할 수 있다."
노이만,살아있는 사전,"당신이 매우 폭넓은 지식을 가졌으며, 이를 살린 정보수집에 뛰어남을 나타내는 이펙트.",5,메이저 액션,<의지>,-,자신,지근,2,-,모든 <정보:> 대신 사용해 정보수집 판정을 할 수 있다. 이때 정보수집 판정의 다이스를 +LV개 한다.
노이만,수호의 탄환,무기 주위에 빛을 모아 파괴력을 높이는 이펙트,1,오토 액션,<사격>,효과참조,자신,지근,5,-,"당신에게서 20m 이내에 존재하는 캐릭터가 공격 판정을 한 직후에 사용한다. 그 판정의 달성치를 난이도로 삼아 이 이펙트를 조합한 판정을 한다. 성공할 경우, 그 공격은 실패한 것이 된다. 이 이펙트는 「타이밍: 리액션」 인 이펙트를 조합할 수 있다. 미행동인 경우에만 사용할 수 있으며, 사용 후에는 행동완료가 된다."
노이만,애널라이즈,상대의 다음 행동을 예측해 자신에 대한 공격을 회피하는 이펙트. 예측 할 수만 있다면 어떤 공격도 명중하지 않는다.,3,리액션,<회피>,대결,자신,지근,2,-,이 이펙트를 조합한 닷지 판정의 다이스를 +LV개 한다.
노이만,약점간파,대상이 공격하려는 상대의 약점을 간파하고 이를 가르쳐줘 공격을 서포트하는 이펙트.,3,메이저 액션,<교섭>,자동성공,단일,시야,3,-,그 라운드 동안 대상이 펼칠 공격의 공격력을 +[LVx3] 한다.
노이만,전사의 지혜,상대의 움직임을 읽어 정확히 공격을 받아내는 이펙트. 단순히 받아내기만 하면 되는 것이 아니다. 힘을 흘려보낼 위치와 타이밍이야말로 지혜를 활용할 국면이다.,5,오토 액션,-,자동성공,자신,지근,2,-,당신이 가드를 할 때 선언한다. 이 가드 동안 당신의 가드치를 +[LVx2] 한 다.
노이만,전황판단,전투의 상황을 읽어 선수를 취하도록 지시를 내리는 이펙트.,3,셋업 프로세스,-,자동성공,단일,시야,4,-,그 라운드 동안 대상의 【행동치】를 +[LVx2] 한다. 이 이펙트는 당신 자신을 대상으로 삼을 수 없다.
노이만,지식의 샘,당신이 퍼내도 마르지 않는 샘처럼 학문이나 정보에 정통함을 나타내는 이펙트.,5,메이저 액션,【정신】,-,-,-,2,-,"이 이펙트를 조합한 판정의 다이스를 +[LV+1]개 한다. 단, 이 이펙트는 전투 중에는 사용할 수 없다."
노이만,지원사격,지원사격을 하는 이펙트.,5,오토 액션,-,자동성공,단일,효과참조,2,-,"이 이펙트는 「기능: <사격>」인 무기를 장비해야만 사용할 수 있다. 대상 이 판정을 하기 직전에 사용한다. 대상의 판정 다이스를 +LV개 한다. 이 이 펙트의 사정거리는 장비한 무기의 사정거리가 된다. 이 이펙트는 당신 자신을 대상으로 삼을 수 없으며, 라운드에 1번 사용할 수 있다."
노이만,캘큘레이션,"모든 행동을 철저한 계산에 따라 펼쳐 조금도 실수하지 않는 이펙트,",3,오토 액션,-,자동성공,자신,지근,3,-,당신이 모종의 판정을 할 때 사용한다. 그 판정에서는 당신이 입고 있는 다이스 감소 효과를 모두 없앤다. 이 이펙트는 시나리오에 LV번 사용할 수 있다.
노이만,타게팅,정확한 조준으로 더욱 효과적인 공격을 펼치는 이펙트.,3,마이너 액션,-,자동성공,자신,지근,2,-,"그 메인 프로세스 동안, 당신이 할 「기능: <백병>」 또는 「기능: <사격>」 인 무기로 공격할 때 판정 다이스를 +LV개한다."
노이만,팬 아웃,적절한 타이밍에 흩어지도록 지 시를 내려 부대를 재빨리 전개시키는 이펙트.,3,셋업 프로세스,-,자동성공,범위(선택),지근,4,-,"대상은 즉시 전투이동을 한다. 단, 이 이펙트는 당신 자신을 대상으로 삼을 수 없다. 이 이펙트는 시나리오에 LV번 사용할 수 있다. 어떻게 이동할지는 대상이 결정한다. 효과에 동의한 대상에게만 사용할 수 있다"
노이만,카운터,,3,리액션,<백병><사격>,대결,단일,무기,4,80%,"상대가 당신에게 「대상 : 단일」인 공격을 했을 때 리액션으로 사용할 수 있다. 대상에게 공격을 가한다. 이때 「타이밍 : 메이저 액션」인 이펙트를 조합할 수 있다. 대결에서 승리한 쪽의 공격이 명중한다. 미행동일 때만 사용할 수 있으며, 사용 후에는 행동완료가 된다. 이 이펙트는 시나리오에 LV번 사용할 수 있다."
노이만,확정예측,빠른 판단으로 현재의 상황에서 일어날 수 있는 상황을 예측하고 고확률로 적중시키는 이펙트.,3,메이저 액션,신드롬,-,-,-,4,80%,이 이펙트를 조합한 판정에 대한 리액션의 크리티컬치를 +2 한다. 이 이펙트는 시나리오에 LV번 사용할 수 있다.
노이만,라스트 액션,쓰러지기 직전에 억지로 행동을 취하는 이펙트,1,오토 액션,-,자동성공,자신,지근,5,100%,당신이 전투불능이 된 순간 사용할 수 있다. 당신은 즉시 메인 프로세스를 할 수 있다. 이 메인 프로세스를 마칠때까지 전투불능의 효과는 적용되지 않는다. 이 이펙트는 시나리오에 1번 사용할 수 이싿.
노이만,승리의 여신,적절한 전술지휘를 내려 동료를 승리로 이끄는 이펙트.,5,오토 액션,-,자동성공,단일,시야,4,100%,대상이 판정한 직후에 사용한다. 그 판정의 달성치를 +[LVx3] 한다. 이 이펙트는 라운드에 1번 사용할 수 있다.
노이만,전쟁신의 축복,"노이만 네트워크를 풀로 사용해 최적의 타이밍, 최대의 화력으로 공격하는 이펙트",3,메이저 액션,<백병><사격>,대결,-,무기,20,120%,이 이펙트를 조합한 공격의 공격력을 +[LV+4]D 한다. 이 이펙트는 시나리오에 1번 사용할 수 있다.
노이만,블리츠크리크,"면밀한 작전으로 신속한 움직임을 펼치거나 혹은 펼치도록 하는 이펙트,",1,이니셔티브 프로세스,-,자동성공,단일,시야,4D10,120%,"대상은 이니셔티브 프로세스에 메인 프로세스를 할 수 있다. 이 이펙트는 대상이 행동완료여도 사용할 수 있으며, 메인 프로세스 후에도 행동완료가 되지 않는다. 이 이펙트는 다른 이펙트와 조합해 사용할 수 없다."
노이만,인터럽트,동료와 타이밍을 맞춰 방해를 가해 상대의 집중력을 흐트러뜨리는 이펙트,3,오토 액션,-,자동성공,단일,시야,8,퓨어브리드,대상이 판정을 하기 직전에 사용한다. 그 판정의 크리티컬치를 +1 한다. 이 이펙트는 시나리오에 LV번 사용할 수 있다.
노이만,불패의 천재,"당신이 상승불패의 지휘관이 되 기에 충분한 자질을 가졌음을 나타내 는 이펙트,",5,셋업 프로세스,-,자동성공,씬(선택),시야,6,퓨어브리드,"대상이 이 라운드에 할 모든 공격의 공격력을 +[LVx4] 한다. 단, 이 이펙트는 당신 자신을 대상으로 삼을 수 없다. 이 이펙트는 씬에 1번 사용할 수 있다."
오르쿠스,대지의 가호,영역을 조작해 '지리적 이점'을 발생시키며 공격하는 이펙트,5,메이저 액션,신드롬,대결,-,-,2,-,이 이펙트를 조합한 공격의 공격력을 +[LVx2] 한다.
오르쿠스,대지의 송곳니,대지를 창처럼 융기시켜 사출하는 이펙트,10,메이저 액션,<RC>,대결,-,시야,1,-,「공격력 +[LV+2]」인 사격공격을 한다. 이 공격에 대한 닷지 판정의 다이스를 -1개 한다. 당신과 같은 인게이지에 있는 캐릭터를 대상으로 삼을 수 없다.
오르쿠스,애니멀 테이머,"당신의 '인자'를 동물에게 심어, 그 동물을 마음대로 조종해 행동을 보조케 하는 이펙트",3,메이저 액션 / 리액션,신드롬,-,-,-,3,-,이 이펙트를 조합한 판정의 다이스를 +[LV+1]개 한다.
오르쿠스,역장형성,공격능력을 증가시키는 영역을 형성하는 이펙트.,5,셋업 프로세스,-,자동성공,단일,시야,3,-,그 라운드 동안 대상이 할 모든 공격의 공격력을 +[LVx2] 한다.
오르쿠스,인도하는 꽃,영역을 조정해 다른 사람의 행동을 저해할 만한 요소를 제거하는 이펙트,5,메이저 액션,<RC><교섭>,자동성공,단일,시야,2,-,"대상이 다음에 할 메이저 액션의 판정 달성치를 +[LVx2] 한다. 단, 구입 판정에는 효과를 발휘하지 않는다."
오르쿠스,재밍,영역 내의 물체를 조종해 대상의 공격을 저해하는 이펙트,3,오토 액션,-,자동성공,단일,시야,4,-,대상이 판정을 하기 직전에 사용한다. 그 판정의 다이스를 -LV개 한다. 이 이펙트는 라운드에 1번 사용할 수 있다.
오르쿠스,절대공간,영역을 컨트롤해 자신의 능력을 최대한으로 발휘하는 이펙트,3,마이너 액션,-,자동성공,자신,지근,2,-,그 메인 프로세스 동안 당신이 할 오르쿠스 이펙트를 사용한 판정의 다이스를 +LV개 한다.
오르쿠스,주축진형,영영을 이용해 여러명을 대상으로 삼는 이펙트,3,메이저 액션,신드롬,-,3체,-,3,-,이 이펙트를 조합한 행동의 대상을 3체로 변경한다. 이 이펙트는 시나리오에 LV번 사용할 수 있다.
오르쿠스,축지,영역 내의 거리를 조작해 자유로이 이동하는 이펙트,5,오토 액션,-,자동성공,자신,지근,2,-,당신이 전투이동 또는 전력이동을 하기 직전에 사용한다. 이 이동으로 씬 내의 원하는 장소까지 이동할 수 있다. 이 이동으로 이탈을 할 수 있다. 이 이펙트는 시나리오에 LV번 사용할 수 있다.
오르쿠스,파쇄의 턱,지면에서 암석을 연속으로 창처럼 융기시키는 이펙트,5,메이저 액션,<RC>,대결,범위(선택),시야,3,-,「공격력 : +[LVx2+2]」인 사격공격을 한다. 이 공격에 대한 닷지 판정의 다이스를 -2개 한다. 당신과 같은 인게지이에 있는 캐릭터를 대상으로 삼을 수 없다. 이 이펙트는 씬에 1번 사용할 수 있다.
오르쿠스,핸들링,지배한 동물을 자신 대신 씬에 등장시키는 이펙트,3,오토 액션,-,자동성공,자신,지근,1,-,"씬 등장시에 사용한다. 당신 대신 당신이 지배한 동물을 등장시킨다. 그 씬 동안 당신은 <지각> 판정의 달성치를 +[LVx3]하며, 이때 《애니멀 테이머》는 사용할 수 없다. 당신과 동물은 능력치, 대미지 등을 공유하는 것으로 간주한다."
오르쿠스,가시넝쿨의 속박,영역 내의 식물 등으로 대상을 속박하는 이펙트.,10,메이저 액션,<RC>,대결,단일,시야,1,-,"「공격력: +LV」인 사격공격을 한다. 대상에 1점이라도 HP 대미지를 입힐 경우, 대상에게 배드 스테이터스 [경직]을 입힌다."
오르쿠스,나락의 법칙,영역을 자신의 인자로 덧칠하는 이펙트.,3,셋업 프로세스,-,자동성공,범위,지근,4,-,"그 라운드 동안 대상이 할 모든 판정의 크리티컬치를 +1 한다. 이 이펙트는 당신 자신을 대상으로 삼을 수 없으며, 시나리오에 LV번 사용할 수 있다."
오르쿠스,나이트 라이더,비클에 자신의 인자를 심어 자유로이 조종하는 이펙트.,5,메이저 액션 / 리액션,<운전:>,-,-,-,2,-,이 이펙트를 조합한 판정의 다이스를 +LV개 한다.
오르쿠스,녹색 채찍,장애물에 빛이나 총탄을 반사시켜 적을 꿰뚫는 이펙트,5,마이너 액션,-,자동성공,자신,지근,2,-,그 씬 동안 당신은 아래와 같은 데이 터를 가지는 무기를 작성해 장비한다.
오르쿠스,박쇄의 공간,영역 내의 온갖 존재를 이용해 대상을 가둬놓는 이펙트.,3,메이저 액션,<RC>,대결,단일,시야,3,-,"사격공격을 한다. 명중할 경우, 대상에게 배드 스테이터스 [중압]과 [방심]을 입힌다. 이 이펙트는 시나리오에 LV번 사용할 수 있다."
오르쿠스,빗방울 화살,대기 속의 수분을 응축시켜 쏘아 대상을 꿰뚫는 이펙트.,5,메이저 액션,<RC>,대결,씬(선택),시야,3,-,「공격력: +[LVx2]」인 사격공격을 한다. 이 이펙트를 조합한 판정에는 <컨센트레이트: >를 조합할 수 없다.
오르쿠스,세계수의 잎,자신의 인자를 대상에 깃들여 상처를 치유하는 이펙트.,3,메이저 액션,<RC>,자동성공,단일,지근,5,-,"대상의 전투불능을 회복하고 HP를 1 까지 회복시킨다. 단, 대상의 침식률은 5점 상승한다. 또한 비 오버드는 오버드로 각성할 가능성이 있다. 이 이펙트는 시나리오에 LV번 사용할 수 있다."
오르쿠스,영역의 목소리,영역 내에 인자를 살포해 정보를 검색하는 이펙트.,3,메이저 액션,<정보:>,-,-,-,2,-,이 이펙트를 조합한 판정의 다이스를 +[LV+1]개 한다.
오르쿠스,영역의 방패,,3,오토 액션,-,자동성공,단일,지근,4,-,"타인에게 커버링을 시키는 이펙트 대미지 롤 직전에 사용한다. 대상은 커버링을 한다. 이 커버링으로 대상은 행동완료가 되지 않으며, 대상이 행동 완료여도 사용할 수 있다. 어떻게 커버링을 할지는 대상이 정한다. 효과에 동의하는 대상에게만 사용할 수 있다. 이 이펙트는 씬에 LV번 사용할 수 있다."
오르쿠스,영역의 수호자,《영역의 방패》의 효과를 먼 곳까지 미치게 하는 이펙트.,1,오토 액션,-,자동성공,자신,지근,2,-,당신이 《영역의 방패》를 사용하기 직전에 선언한다. 《영역의 방패》의 사정거리를 시야로 변경한다. 이 이펙트는 씬에 1번 사용할 수 있다.
오르쿠스,영역조정,영역 내부를 조정해 자신의 교섭을 유리하게 이끄는 이펙트.,3,메이저 액션 / 리액션,<교섭>,-,-,-,2,-,이 이펙트를 조합한 판정의 다이스를 +LV개 한다.
오르쿠스,왜곡의 영역,빛을 모아 사격 무기를 만드는 이펙트. 형상은 당신이 원하는 대로다.,3,오토 액션,-,자동성공,자신,지근,3,-,당신이 사격공격에 가드를 할 때 선언한다. 당신을 공격했던 캐릭터에게 [LVx5]점의 HP 대미지를 입힌다. 이 이펙트는 라운드에 1번 사용할 수 있다.
오르쿠스,요정의 손,대상의 행동을 돕기 위해 영역을 변화시키는 이펙트.,3,오토 액션,-,자동성공,단일,시야,4,-,"대상이 판정 다이스를 굴린 직후에 사용한다. 대상의 판정 다이스 중 하나를 10으로 변경한다. 이 이펙트는 대상이 판정을 하는 도중에도 사용할 수 있다. 이 이펙트는 1번의 판정에 1번 만 사용이 가능하며, 시나리오에 LV 번 사용할 수 있다."
오르쿠스,융기하는 대지,거대한 벽을 만들어 주위의 사람 을 보호하는 이펙트.,5,오토 액션,-,자동성공,범위(선택),지근,2,-,대상에 HP 대미지가 적용되기 직전에 사용한다. 대상이 입을 (예정인) HP 대미지를 -[LVx4] 한다. 이 이펙트는 라운드에 1번 사용할 수 있다.
오르쿠스,지배의 영역,영역을 완전히 지배해 대상의 행동을 마음대로 하는 이펙트.,3,오토 액션,-,자동성공,단일,시야,6,-,"대상이 판정 다이스를 굴린 직후에 사용한다. 대상의 판정 다이스 중 하나를 1로 변경한다. 이 이펙트는 대상이 판정을 하는 도중에도 사용할 수 있다. 이 이펙트는 1번의 판정에 1번만 사용이 가능하며, 시나리오에 LV번 사용 할 수 있다."
오르쿠스,행운의 수호,무기에 인자를 넣어 형상을 바꾸는 이펙트.,1,리액션,<RC>,대결,자신,지근,2,-,이 이펙트를 조합한 판정으로 당신은 닷지를 할 수 있다.
오르쿠스,형태 없는 검,무기에 인자를 넣어 형상을 바꾸는 이펙트.,3,메이저 액션,<백병><사격>,대결,-,무기,2,-,이 이펙트에 대한 닷지 판정의 다이스를 -LV개한다.
오르쿠스,환혹의 일격,영역 내의 자연물을 이용해 사각에서 공격을 펼치는 이펙트.,3,메이저 액션,신드롬,대결,-,-,3,-,이 이펙트에 대한 닷지 판정의 다이스를 -LV개 한다.
오르쿠스,흑요석 갑옷,영역 내의 무기물을 몸에 둘러 방벽으로 삼는 이펙트.,5,마이너 액션,-,자동성공,자신,지근,2,-,그 씬 동안 아래와 같은 데이터를 가지는 방어구를 작성해 장비한다. 이때 장비 중인 방어구와 교환할 수 있다.
오르쿠스,속박의 영역,,1,오토 액션,<교섭>,효과참조,자신,지근,5,80%,"당신에게서 「사정거리 : 시야」에 존재하는 캐릭터가 공격판정을 한 직후에 사용한다. 그 공격판정의 달성치를 난이도로 삼아 이 이펙트를 조합한 판정을 한다. 성공할 경우, 그 행동은 실패한다. 이 이펙트에는 「타이밍 : 리액션」인 이펙트를 조합할 수 있으며, 씬에 1번 사용할 수 있다."
오르쿠스,오버로드,무기에 인자를 심어 성능의 한계를 돌파하도록 만드는 이펙트.,1,오토 액션,-,자동성공,자신,지근,3,80%,"당신이 가할 공격의 명중판정 직전에 사용한다. 그 공격에 사용할 무기 하나의 공격력을 2배로 계산한다. 단, 이 이펙트를 사용한 메인 프로세스를 마치면 선택한 무기는 파괴된다."
오르쿠스,완전한 세계,영역 내의 전방위에서 동시에 공격을 가하는 이펙트,3,메이저 액션,신드롬,대결,-,-,6,100%,이 이펙트를 조합한 공격의 판정 다이스를 +[LV+1]개 한다. 또한 이 공격에 대한 리액션의 크리티컬치를 +1 한다.
오르쿠스,힘의 법칙,영역 내에 있는 존재가 가진 '힘'을 증폭시키는 이펙트.,3,오토 액션,-,자동성공,단일,시야,4,100%,당신 이외의 대상이 할 대미지 롤 직전에 사용한다. 그 대미지를 +[LV+1]D 한다. 이 이펙트는 라운드에 1번 사용할 수 있다.
오르쿠스,너브 잭,대상을 지배하는 이펙트,1,오토 액션,-,자동성공,자신,지근,4D10,120%,"대상의 <의지>와 대결판정을 한다. 당신이 승리할 경우, 즉시 대상에게 1회의 메이저 액션을 시킨다. 행동의 내용은 직접 결정할 것. 단, 횟수제한이 있는 이펙트는 쓰게 할 수 없는 것으로 한다. 이 이펙트는 다른 어떤 이펙트의 효과로도 대상을 변경 할 수 없다."
오르쿠스,복수의 영역,상처를 링크시키는 이펙트.,1,오토 액션,-,자동성공,단일,시야,4D10,120%,"당신에게 HP 대미지를 적용한 직후에 사용한다. 그 HP 대미지를 입힌 캐릭터를 대상으로 삼는다. 대상은 당신이 입은 HP 대미지와 같은 양의 HP 대미지를 입는다. 당신이 커버링을 했을 경우, 이 이펙트는 사용할 수 없다. 이 이펙트는 씬에 1번 사용할 수 있다."
오르쿠스,지배의 인자,영역 내의 모든 것을 지배하고 장악해 적의 움직임을 저해하는 이펙트,3,셋업 프로세스,-,자동성공,씬(선택),시야,6,퓨어브리드,그 라운드 동안 대상이 가할 공격의 공격력을 -[LVx5](최저 0) 한다. 이 이펙트는 시나리오에 1번 사용할 수 있다.
오르쿠스,절망의 영역,영역 내에 인자를 뿌려 절대적으 로 유리한 상황을 만드는 이펙트,3,셋업 프로세스,-,자동성공,씬(선택),시야,4,퓨어브리드,그 라운드 동안 대상이 할 모든 판정의 다이스를 -3개 한다. 이 이펙트는 시나리오에 LV번 사용할 수 있다.
샐러맨더,냉기의 낫,무기에 닿기만 해도 대상을 동결시킬 만한 초저온의 냉기를 둘러 공격하는 이펙트. 이 냉기는 상대의 움직임을 저하시켜 회피를 극도로 어렵게 만든다.,5,메이저 액션,신드롬,대결,-,-,2,-,이 이펙트를 조합한 공격에 대한 닷지 판정의 다이스를 -LV개 한다
샐러맨더,빙벽,,1,오토 액션,<RC>,효과참조,자신,지근,5,-,"당신에게서 「사정거리 : 시야」에 존재하는 캐릭터가 공격 판정을 한 직후에 사용한다. 그 판정의 달성치를 목표치로 삼아. 이 이펙트를 조합한 판정을 한다. 성공할 경우, 그 공격은 실패한다. 이 이펙트는 「타이밍 : 리액션」인 이펙트와 조합할 수 있다. 미행동일때만 사용할 수 있으며, 사용한 후에는 행동완료가 된다."
샐러맨더,빙염검,"대기 속의 수분을 응결시키거나, 혹은 플라즈마 유도로 불꽃에 모양을 주어 손에 무기를 만들어내는 이펙트",5,마이너 액션,-,자동성공,자신,지근,3,-,그 씬 동안 당신은 아래와 같은 데이터를 가진 무기를 작성해 장비한다.
샐러맨더,아지랑이,열로 아지랑이를 만들어내 적의 눈을 속이고 그 틈에 회피하는 이펙트. 손을 뻗으면 잡을 수 있을 것 같으면서도 결코 잡을 수 없는 것. 그것이 아지랑이다.,3,리액션,<회피>,대결,자신,지근,3,-,당신은 닷지를 한다. 그 판정의 다이스를 +[LV+1]개 한다.
샐러맨더,얼음의 가호,"공기 속의 수분을 결정화시켜 얼음의 칼날로 바꾸어, 다음에 당신이 가할 공격과 함께 꽂는 이펙트",5,마이너 액션,-,자동성공,자신,지근,3,-,"그 메인 프로세스 동안, 당신이 가할 샐러맨더 이펙트를 조합한 공격의 공격력을 +[LVx2] 한다."
샐러맨더,얼음탑,공기 속의 수분을 급속히 냉동시켜 얼음의 탄환으로 바꿔 꽂는 이펙트. 그 모습은 느닷없이 얼음기둥이 출현한 것처럼 보이기도 한다.,5,메이저 액션,<RC>,대결,범위(선택),시야,3,-,「공격력 : +[LVx3]」인 사격공격을 한다. 당신과 같은 인게이지에 있는 캐릭터를 대상으로 삼을 수 없다. 이 이펙트는 씬에 1번 사용할 수 있다.
샐러맨더,염신의 분노,자신을 불태울 정도의 불꽃을 온 몸에 둘러 전투력을 상승시키는 이펙트,3,메이저 액션 / 리액션,【육체】,-,-,-,3,-,"이 이펙트를 조합한 판정의 다이스를 +[LV+1]개 한다. 단, 이 이펙트를 사용한 메인 프로세스가 끝나면 당신은 HP를 3점 잃는다"
샐러맨더,염진,자신의 주위에 발생시킨 불꽃으로 아군을 보호하는 이펙트,1,오토 액션,-,자동성공,자신,지근,2,-,"대미지롤 직전에 사용한다. 당신은 커버링을 한다. 이 커버링으로 당신은 행동완료가 되지 않으며, 당신이 행동완료여도 사용할 수 있다. 이 이펙트는 메인 프로세스에 1번 사용할 수 있다."
샐러맨더,질식,대상의 주위에 있는 산소를 급격히 연소시켜 산소결핍을 일으키는 이펙트,1,메이저 액션,<RC>,대결,범위(선택),지근,2,-,"사격공격을 한다. 명중할 경우, 대상에게 배드 스테이터스 [방심]을 입힌다. 이 이펙트는 씬에 1번 사용할 수 있다."
샐러맨더,초열탄환,불꽃의 탄환을 투사해 상대를 태우는 이펙트. 샐러맨더에게는 가장 초보적이면서도 근원적인 공격수단이다.,10,메이저 액션,<RC>,대결,-,시야,1,-,「공격력 : +[LV+2]」인 사격공격을 한다.
샐러맨더,푸른 악마,공격의 궤적을 거슬러 올라가 상대를 얼려버리는 이펙트,5,오토 액션,-,자동성공,자신,지근,3,-,당신이 가드를 할 때 선언한다. 당신을 공격한 캐릭터에게 [LVx3]점의 HP 대미지를 입힌다. 이 이펙트는 라운드에 1번 사용할 수 있다.
샐러맨더,백열,주먹이나 발 등에 온도를 집중시켜 국지적으로 초고열을 발생시키는 이펙트. 그 새하얀 광채는 닿는 것을 모조리 태워버린다.,10,마이너 액션,-,자동성공,자신,지근,3,-,그 씬 동안 당신의 맨손 데이터를 아래와 같이 변경한다.
샐러맨더,불꽃의 가호,불꽃과 동조해 자유로이 조종하 는 이펙트.,3,마이너 액션,-,자동성공,자신,지근,2,-,그 메인 프로세스 동안 당신이 할 샐러맨더 이펙트를 조합한 판정의 다이스를 +LV개 한다.
샐러맨더,불꽃의 칼날,무기나 탄환을 새하얗게 가열시켜 대미지를 높이는 이펙트. 초고온에 달한 공격은 모든 대상을 버터처럼 녹이고 파괴한다.,5,메이저 액션,<백병><사격>,대결,-,무기,2,-,이 이펙트를 조합한 공격의 공격력을 +[LVx2] 한다.
샐러맨더,불의 감옥,자신의 주위에 불꽃의 고리를 몇 겹으로 펼쳐 상대의 이동을 저해하는 이펙트.,1,마이너 액션,-,자동성공,자신,지근,1,-,그 라운드 동안 당신이 있는 인게이 지를 봉쇄한다. 이 효과는 당신이 임의 로 해제하거나 다시 봉쇄할 수 있다.
샐러맨더,브레인 컨트롤,뇌내온도를 조절해 레니게이드를 더욱 정확히 조작하는 이펙트.,3,마이너 액션,-,자동성공,자신,지근,2,-,그 메인 프로세스 동안 당신이 할 샐러맨더 이펙트를 조합한 공격에 대한 닷지 판정의 다이스를 -[LV+1]개 한다.
샐러맨더,블리저드 브레스,"극저온을 생성해 온도차에서 오는 폭풍, 저온에 의한 우박과 눈보라를 만들어 이 두 가지를 동시에 꽂는 이펙트.",5,메이저 액션,<RC>,대결,범위(선택),시야,3,-,「공격력: +LV」인 사격공격을 한다. 이 이펙트를 조합한 판정의 다이스를 -3개 한다.
샐러맨더,빙설의 수호,자신의 주위에 얼음벽을 펼쳐 공격의 위력을 감쇠시키는 이펙트.,3,오토 액션,-,자동성공,자신,지근,3,,대상에게 HP 대미지가 적용되기 직전에 사용한다. 당신이 입을 (예정인) 대미지를 -(LV)D점 한다. 이 이펙트는 라운드에 1번 사용할 수 있다.
샐러맨더,얼음 복도,수증기를 동결시켜 얼음 다리를 만들어내 그 위를 미끄러지듯 이동하는 이펙트.,5,마이너 액션,-,자동성공,자신,지근,2,-,비행상태로 전투이동을 한다. 이때 이동거리를 +[LVx2] 한다.
샐러맨더,얼음방패,공격당한 것과 동시에 얼음 방패를 만들어내는 이펙트. 방패는 공격한 무기 그 자체를 머금고 얼어붙어 위력의 대부분을 감쇠시킨다.,3,오토 액션,-,자동성공,자신,지근,3,-,당신이 가드를 할 때 선언한다. 이 가드 동안 당신의 가치를 +[LVx5] 한 다.
샐러맨더,얼음성새,얼음의 벽을 자신의 주위에 만들어내 방어를 다지는 이펙트.,3,셋업 프로세스,-,자동성공,자신,지근,3,-,"그 라운드 동안 당신이 입는 모든 HP 대미지를 -[LVx3] 한다. 단, 당신이 이 라운드 동안 전투이동, 전력이동, 이탈 중 한 가지를 했을 경우, 이 효과는 사라진다."
샐러맨더,얼음신의 슬픔,자신을 얼릴 정도의 냉기를 온몸에 둘러 전투력을 높이는 이펙트.,3,메이저 액션 / 리액션,【감각】,-,-,-,3,-,"이 이펙트를 조합한 판정의 다이스를 +[LV+1]개 한다. 단, 이 이펙트를 사용한 메인 프로세스를 마칠 때 당신은 HP를 3점 잃는다."
샐러맨더,얼음의 금제,얼음 넝쿨을 만들어내 상대의 팔 다리를 지면 등에 고정해 움직임을 저해하는 이펙트.,3,메이저 액션,<RC>,대결,-,시야,3,-,"사격공격을 한다. 명중할 경우, 그 라운드 동안 대상이 할 모든 판정의 다이스를 -[LV+1]개 한다."
샐러맨더,에네르기마이스터,대상의 체온을 급상승 혹은 급저 하시켜 방어 너머로 생명력을 깎아내는 이펙트.,5,메이저 액션,신드롬,대결,-,-,3,-,"이 이펙트를 조합한 공격에 대상이 가드를 할 경우, 대상은 HP를 [LVx3] 점 잃는다."
샐러맨더,융해,자신의 주위에 열기를 전개해 상대의 무기를 녹이는 이펙트.,5,리액션,<회피>,대결,자신,지근,2,-,"이 이펙트를 조합한 닷지에 실패한 경우, 그 공격으로 당신이 입을 (예정인) HP 대미지를 -[LVx2] 한다."
샐러맨더,작열결계,당신의 주위에 작열하는 공간을 만들어내 탄환이나 화살이 날아오기 전에 태워버리는 이펙트.,5,오토 액션,-,자동성공,자신,지근,2,-,당신이 가드를 할 때 선언한다. 이 가드 동안 당신의 가드치를 +[LVx2] 한다.
샐러맨더,작열요새,체내에 모은 열을 방출해 절대적인 파괴를 가져오는 이펙트.,3,메이저 액션,신드롬,대결,-,-,3,-,"이 이펙트를 조합한 공격의 공격력을 +[LVx3] 한다. 단, 당신이 이 라운드 동안 전투이동, 전력이동, 이탈 중 어느 한 가지를 할 경우, 이 이펙트는 사용할 수 없다."
샐러맨더,증오의 불꽃,공격과 함께 상대의 뇌내온도를 급상승시켜 냉정한 판단력을 빼앗는 이펙트.,1,메이저 액션,신드롬,대결,-,-,2,-,"이 이펙트를 조합한 공격으로 1점이라도 HP 대미지를 입힐 경우, 상대에게 [증오]를 입힌다. [증오]의 대상은 당신이 된다."
샐러맨더,플레임 링,던져서 사용하는 불꽃의 고리를 만들어내는 이펙트.,5,마이너 액션,-,자동성공,자신,지근,2,-,그 씬 동안 당신은 아래와 같은 데이터를 가진 무기를 작성해 장비한다.
샐러맨더,흔들림 없는 마음,온도로 신체기능을 조절해 불리한 상황을 돌파하는 이펙트. 당신은 모든 속박을 태우고 병마를 얼려버리며 다시 일어난다.,5,마이너 액션,-,자동성공,자신,지근,1,-,"당신이 입은 배드 스테이터스를 [LV+1]개 회복한다. 단, 배드 스테이터스 [폭주]는 회복할 수 없다."
샐러맨더,종말의 불꽃,자기 자신을 연소시켜 대미지를 더욱 상승시키는 이펙트,3,마이너,-,자동성공,자신,지근,2,80%,[LVx5]점까지 원하는 만큼 HP를 소비한다. 그 메인 프로세스 동안 당신이 가할 공격의 공격력을 +[소비한 HP] 한다. HP가 0이 되도록 HP를 소비할 수는 없다.
샐러맨더,크로스버스트,"기와 작열을 동시에 만들어내, 두 가지를 융합시킨 역장으로 공격하는 이펙트.",3,메이저 액션,신드롬,대결,-,-,4,80%,"이 이펙트를 조합한 공격의 공격력을 +[LVx4] 한다. 단, 이 이펙트를 조합한 판정의 다이스는 -2개 된다."
샐러맨더,플라즈마 캐논,모든 물체를 증발시킬 만한 열량을 가진 플라즈마 구체를 만들어 상대에게 발사하는 이펙트. 위력은 압도적이다.,3,메이저 액션,<RC>,대결,단일,시야,4,100%,「공격력 : +[LVx5]」인 사격공격을 한다.
샐러맨더,인페르노,지옥의 업화와 같은 불꽃으로 적을 태우는 이펙트.,1,메이저 액션,신드롬,대결,단일,-,4,100%,"이 이펙트를 조합한 공격으로 대상에 1점이라도 HP 대미지를 입힐 경우, 대상을 행동완료로 만든다. 이 이펙트의 대상은 단일에서 변경할 수 없다. 이 이펙트는 씬에 1번 사용할 수 있다."
샐러맨더,극대소멸파,순수한 에너지 역장을 만들어내 대상을 소멸시키는 이펙트,5,이니셔티브 프로세스,-,자동성공,범위(선택),시야,4D10,120%,대상에게 +[LV+2]D점의 HP 대미지를 입힌다. 대상은 리액션을 할 수 없다. 이 이펙트는 시나리오에 1번 사용할 수 있다. 이 이펙트는 다른 이펙트와 조합해 사용할 수 없다.
샐러맨더,타오르는 영혼,열로 상처를 치유하는 이펙트.,3,오토 액션,-,자동성공,자신,지근,4D10,120%,"당신이 전투불능이 되었을 때 사용한다. 당신은 전투불능을 회복하며, HP를 [LVx10]점까지 회복한다. 이 이펙트는 시나리오에 1번 사용할 수 있다."
샐러맨더,결합분쇄,초고온과 초저온을 번갈아 퍼부어 분자간의 결합력을 파괴하는 이펙트,3,메이저 액션,신드롬,대결,-,-,4,퓨어브리드,이 이펙트를 조합한 판정의 다이스를 +LV개 한다. 또한 대상의 장갑치를 무시하고 대미지를 산출한다.
샐러맨더,섬열방벽,작열하는 벽을 펼쳐 방어하는 이펙트.,3,오토 액션,-,자동성공,단일,시야,4,퓨어브리드,대상에 HP 대미지가 적용되기 직전에 사용한다. 대상이 입을 (예정인) 대미지를 -[LV+2]D점 한다. 이 이펙트는 당신 자신을 대상으로 삼을 수 없다. 이 이펙트는 라운드에 1번 사용할 수 있다.
솔라리스,독 칼날,체내에서 생성한 신경독을 손바닥이나 점막 등에서 분비해 공격의 위력을 증대시키는 이펙트,10,마이너 액션,-,자동성공,자신,지근,2,-,그 메인 프로세스 동안 당신이 가할 공격의 공격력을 +LV 한다.
솔라리스,열광,"특수한 물질로 이성을 잃게 하고, 그 대신 괴력을 주는 이펙트",5,메이저 액션,<RC>,자동성공,단일,시야,2,-,"그 씬 동안 대상이 가할 백병공격의 공격력을 +[LVx3] 한다. 단, 대상은 배드 스테이터스 [폭주]를 입는다. 효과에 동의하는 대상에게만 사용할 수 있다."
솔라리스,유혈의 포자,세포를 붕괴시키는 포자를 생성해 살포하는 이펙트,5,메이저 액션,<RC>,대결,-,시야,2,-,"사격공격을 한다. 명중할 경우, 대상에게 배드 스테이터스 [사독]을 입힌다. [사독]의 랭크는 LV이 된다."
솔라리스,저항할 수 없는 말,환각물질을 생성해 몸 표면에서 발산시켜 거역할 수 없는 명령을 내리는 이펙트,5,메이저 액션,<교섭>,대결,단일,시야,2,-,"사격공격을 한다. 명중할 경우, 그 씬 동안 대상이 할 모든 판정의 다이스를 -LV개 한다."
솔라리스,절대공포,대상을 공포에 빠뜨리는 환각을 보여주는 이펙트,5,메이저 액션,<교섭>,대결,-,시야,3,-,「공격력 : +LV」인 사격공격을 한다. 이 공격은 대상의 장갑치를 무시하고 대미지를 산출한다.
솔라리스,중화제,중화제를 생성하고 투여해 대상의 컨디션 난조나 독 등을 회복시키는 이펙트,1,메이저 액션,<RC>,자동성공,-,시야,2,-,대상이 입은 폭주 이외의 배드 스테이터스를 모두 회복시킨다.
솔라리스,착각의 향,안도감을 주는 향기를 생성하고 발산해 대상의 경계심을 푸는 이펙트,3,메이저 액션 / 리액션,<교섭>,-,-,-,2,-,이 이펙트를 조합한 판정의 다이스를 +LV개 한다.
솔라리스,치유의 물,세포의 재생능력을 증대시키는 물질을 생성해 대상의 부상을 치유하는 이펙트,5,메이저 액션,<RC>,자동성공,-,시야,2,-,대상의 HP를 [(LV)D +【정신】]점 회복한다.
솔라리스,트랜퀄리티,정신을 안정시키는 물질을 생성해 마음의 평정을 유지함으로서 사고를 날카롭게 가다듬는 이펙트,5,메이저 액션 / 리액션,【정신】,-,-,-,3,-,"이 이펙트를 조합한 판정의 다이스를 +[LV+1]개 한다. 단, 이 이펙트를 사용한 메인 프로세스를 마쳤을 때 당신은 HP를 3점 잃는다."
솔라리스,페르세포네의 석류,강력한 소생약을 생성해 투여하는 이펙트,3,메이저 액션,<RC>,자동성공,단일,지근,6,-,"대상의 전투불능을 회복하고 HP를 1까지 회복한다. 단, 대상의 침식률은 2D점 상승한다. 이때 비 오버드는 오버드로 각성할 가능성이 있다. 자세한 내용은 GM이 결정할 것. 이 이펙트는 시나리오에 LV번 사용할 수 있다."
솔라리스,포이즌 포그,체내에서 생성한 물질을 기체로 바꾸어 온몸으로 발산해 주위에 살포하는 이펙트,3,메이저 액션,신드롬,-,범위(선택),지근,2,-,"이 이펙트를 조합한 이펙트의 사정거리를 지근, 대상을 범위(선택)로 변경한다. 이 이펙트는 시나리오에 LV번 사용할 수 있다."
솔라리스,가시넝쿨 고리,통각을 자극하는 독성물질을 생성해 바르는 이펙트.,5,메이저 액션,<RC>,대결,-,시야,2,-,"사격공격을 한다. 명중할 경우, 그 라운드 동안 대상이 할 모든 판정의 다이스를 -LV개 한다."
솔라리스,고통의 물,"강산성 물질을 생성해 대상에게 사출해, 대미지를 주면서 대상의 행동까지 저해하는 이펙트.",5,메이저 액션,<사격>,대결,단일,시야,2,-,"「공격력: +LV」인 사격공격을 한다. 이 이펙트를 조합한 공격으로 대상에게 1점이라도 HP 대미지를 입힐 경우, 대상에 배드 스테이터스 [방심]을 입힌다."
솔라리스,고통의 화살,고통을 자극하는 화학물질을 생성하는 이펙트.,5,마이너 액션,-,자동성공,자신,지근,4,-,그 씬 동안 당신은 아래와 같은 데이터를 가진 무기를 작성해 장비한다.
솔라리스,공포의 한 마디,공포를 자극하는 약물을 생성해 대상을 후퇴시키는 이펙트.,5,메이저 액션,<교섭>,대결,단일,지근,2,-,"사격공격을 한다. 명중할 경우, 대상은 인게이지에서 [LVx2]m 이동한다. 이 이동으로 이탈을 할 수 있다. 대상이 어떻게 이동할지는 당신이 결정한다."
솔라리스,눈먼 양,시각을 저해하는 물질을 생성해 살포하여 대상의 행동을 방해하는 이펙트.,5,오토 액션,-,자동성공,단일,지근,3,-,대상이 판정을 하기 직전에 사용한다. 이 판정의 다이스를 -[LV+1]개 한다. 이 이펙트는 라운드에 1번 사용 할 수 있다.
솔라리스,멈추지 않는 혀,신경계에 작용하는 자백제를 생성해 대상이 진실을 고백하도록 하는 이펙트.,3,메이저 액션,<RC>,대결,단일,지근,3,-,대상의 <의지>와 대결한다. 승리시 대상은 당신이 하는 질문 하나에 대답해야 한다. GM은 이 이펙트의 사용을 금지할 수 있다. 이 경우 침식치는 올라가지 않으며 사용횟수도 줄지 않는다. 이 이펙트는 시나리오에 LV번 사용할 수 있다.
솔라리스,무리의 소환,특수한 페로몬으로 작은 동물이나 곤충 등을 더욱 많이 모아 공격을 회피하기 쉽도록 만드는 이펙트.,3,리액션,효과참조,대결,자신,지근,2,-,이 이펙트는 《생명의 방패》와 조합해 사용한다. 이 이펙트를 조합한 판정의 다이스를 +LV개 한다.
솔라리스,발키리의 인도,흥분물질을 생성하고 살포해 대상의 능력을 높이는 이펙트.,3,메이저 액션,<RC>,자동성공,단일,지근,2,-,"대상이 다음에 할 메이저 액션의 다이스를 +LV개 한다. 그 메이저 액션이 공격일 경우, 공격력을 +5 한다."
솔라리스,부식의 손길,물질을 급속히 열화시키는 부식 물질을 생성해 무기물을 파괴하는 이펙트.,5,메이저 액션,<백병><사격>,대결,단일,무기,2,-,"이 이펙트를 조합한 공격이 명중 할 경우, 그 씬 동안 대상의 장갑치를 -[LVx5](최저 0) 한다."
솔라리스,생명의 방패,"특수한 페로몬을 생성하고 뿜어내 벌레나 쥐를 대량으로 끌어들여, 이를 방패 삼아 공격을 피하는 이펙트.",1,리액션,<교섭>,대결,자신,지근,3,-,이 이펙트를 조합한 판정으로 당신은 닷지를 할 수 있다.
솔라리스,아드레날린,"뇌내마약을 생성해, 한계를 넘어선 운동능력을 얻는 이펙트.",3,메이저 액션 / 리액션,【육체】,-,-,-,3,-,"이 이펙트를 조합한 판정의 다이스를 +[LV+1]개 한다. 단, 이 이펙트를 사용한 메인 프로세스를 마칠 때, 당신은 HP를 3점 잃는다."
솔라리스,액셀,운동능력을 증강하는 물질을 생성 투여해 대상의 반사속도를 한계까지 가속시키는 이펙트.,5,셋업 프로세스,-,자동성공,단일,시야,3,-,그 라운드 동안 대상의 【행동치】를 +[LVx2] 한다.
솔라리스,완전항체,"체내에 다양한 항체를 가졌거나, 혹은 즉석에서 항체를 생성해 독극물이나 약물의 효과를 없애는 이펙트.",3,리액션,효과참조,대결,자신,지근,2,-,"모든 리액션 판정에 조합할 수 있다. 조합한 판정의 다이스를 +LV개 한다. 단, 액션 측이 판정에 이펙트를 사용하지 않을 경우, 이 이펙트는 사용할 수 없다."
솔라리스,인형사,환각물질로 비 오버드 대상을 자유로이 조종하는 이펙트.,3,메이저 액션,<교섭>,대결,단일,시야,5,-,이 이펙트는 오버드에게는 효과를 적용하지 않는다. 대상의 〈의지〉와 대결한다. 승리하면 대상에게 명령 하나를 내릴 수 있다. 그것이 어떤 것이든 대상은 가능한 한 이를 실한다. 이 이펙트는 시나리오에 LV번 사용 할 수 있다.
솔라리스,잠드는 가루,마취물질을 생성하고 살포해 약한 대상을 무력화하는 이펙트.,3,메이저 액션,<RC>,대결,단일,시야,1,-,"트루프만을 대상으로 삼을 수 있다. 사격공격을 한다. 명중할 경우, 대상을 전투불능으로 만든다. 이 이펙트를 조합한 공격으로 대상에게 HP 대미지를 입힐 수는 없다. 이 이펙트는 시나리오에 LV번 사용할 수 있다."
솔라리스,조각상의 목소리,운동신경을 마비시키는 물질을 생성해 발산하는 이펙트.,3,메이저 액션,<RC>,대결,단일,시야,3,-,"사격공격을 한다. 명중할 경우, 그 씬 동안 대상의 【행동치】를 [LVx2] 한다. 이 효과는 마이너 액션을 사용해 해제할 수 있다."
솔라리스,죄인의 족쇄,매우 끈적거리는 물질을 생성해 무기에 발라 대상의 움직임을 제한하는 이펙트.,10,메이저 액션,<백병><사격>,대결,단일,무기,3,-,"이 이펙트를 조합한 공격이 명중할 경우, 그 라운드 동안 대상이 할 닷지의 달성치를 -[LVx2] 한다."
솔라리스,태블릿,굴절률을 변화시켜 시야를 넓히는 이펙트,3,오토 액션,-,자동성공,자신,지근,2,-,"당신이 솔라리스 이펙트를 사용하기 직전에 사용한다. 이 이펙트의 사정거리를 「사정거리: 시야」로 변경한다. 조합해 사용할 경우, 조합한 모든 이펙트의 사정거리를 변경한다. 이 이펙트는 씬에 LV번 사용할 수 있다."
솔라리스,파멸의 언령,기력을 빼앗는 약물을 생성해 대상의 행동을 둔화시키는 이펙트.,1,메이저 액션,<교섭>,대결,단일,지근,2,-,"사격공격을 한다. 명중할 경우, 대상에게 배드 스테이터스 [방심]을 입힌다."
솔라리스,광전사,강력한 각성물질을 생성해 투여하는 이펙트,3,메이저 액션,<RC>,자동성공,단일,시야,5,80%,"대상이 다음에 할 메이저 액션의 판정에서 크리티컬치를 -1(하한치 6) 하고, 또한 그 판정의 다이스를 +[LVx2]개 한다."
솔라리스,거듭되는 힘,"흥분물질 분비를 촉진해, 움직이지 못하는 사람을 다시 움직이게 하는 이펙트",1,메이저 액션,<RC>,-,단일,지근,20,80%,"행동완료인 대상에게 사용하며, 대상은 즉시 미행동 상태가 된다. 이 이펙트의 대상은 단일에서 변경할 수 없다. 이 이펙트는 라운드에 1번 사용할 수 있다."
솔라리스,오버도즈,생성할 물질의 양을 증가시켜 과잉 투여하는 이펙트,1,메이저 액션 / 리액션,신드롬,대결,-,-,4,100%,이 이펙트를 조합한 판정은 조합된 모든 이펙트의 LV을 +2 한다. 이때 LV의 상한을 넘어도 된다. 단 이 효과로 이펙트의 사용횟수는 증가하지 않는다. 이 이펙트는 시나리오에 1번 사용할 수 있다.
솔라리스,기적의 물방울,레니게이드를 농축한 물질을 생성해 생명력을 활성화시키는 이펙트.,3,오토 액션,-,자동성공,단일,시야,6,100%,대상이 전투불능이 됐을 때 사용한다. 대상은 전투불능을 회복하고 HP를 [LVx5]까지 회복한다. 이 이펙트는 당신 자신을 대상으로 삼을 수 없다. 이 이펙트는 시나리오에 1번 사용할 수 있다.
솔라리스,아쿠아 비타에,생명의 정수라고도 할 수 있는 물질을 생성해 목숨을 되살리는 이펙트,3,오토 액션,-,자동성공,단일,시야,10,120%,대상이 전투불능에 빠졌을 때 사용한다. 대상의 전투불능을 회복하고 HP를 [LVx10]까지 회복한다. 이 이펙트는 시나리오에 1번 사용할 수 있다.
솔라리스,추락하는 절망,대상에 강렬한 정신적 부담을 주어 충동을 자극하는 이펙트.,5,메이저 액션,<RC>,대결,단일,시야,4D10,120%,"대상의 <의지>와 대결한다. 승리하면, 대상이 오버드일 경우, 즉시 충동판정이 발생한다. 이때의 난이도는 [LVx3] 이 된다. 대상이 비 오버드일 경우, 오버드로 각성할 가능성이 있다. 자세한 내용은 GM이 결정할 것,"
솔라리스,여왕의 강림,여러 개의 체내 공장을 기동해 초고속으로 약품을 생성한다.,3,셋업 프로세스,-,자동성공,자신,지근,5,퓨어브리드,"당신이 취득한 「타이밍 : 메이저 액션」이면서 「난이도 : 자동성공」인 솔라리스 이펙트 하나를 사용한다. 침식치는 합계해 상승시킬 것. 이 이펙트는 다른 이펙트와 조합해 사용할 수 없으며, 시나리오에 LV번 사용할 수 있다."
솔라리스,귀환의 목소리,안정제를 생성하고 투여해 대상의 정신을 가라앉히는 이펙트.,1,오토 액션,-,자동성공,단일,시야,6,퓨어브리드,언제든 사용할 수 있다. 대상이 취득한 이펙트 중 사용횟수 제한이 있는 이펙트 하나의 사용횟수를 1회 회복시킨다. 이 이펙트는 시나리오에 1번 사용할 수 있다.
